CustomerId,Amount_Mean,Amount_Std,Amount_Sum,Transaction_Count,Top_ProductCategory,Top_ChannelId,is_high_risk
CustomerId_1001,4000.0,6558.963332722634,20000.0,5,financial_services,ChannelId_3,1
CustomerId_1002,384.09090909090907,560.4989660196449,4225.0,11,financial_services,ChannelId_2,0
CustomerId_1003,3333.3333333333335,6030.478145774734,20000.0,6,airtime,ChannelId_3,0
CustomerId_1004,2000.0,,2000.0,1,airtime,ChannelId_3,1
CustomerId_1005,5422.222222222223,5983.6815126178335,48800.0,9,financial_services,ChannelId_3,1
CustomerId_1006,1000.0,,1000.0,1,financial_services,ChannelId_3,1
CustomerId_1007,28000.0,,28000.0,1,financial_services,ChannelId_3,1
CustomerId_1008,10000.0,0.0,20000.0,2,financial_services,ChannelId_3,1
CustomerId_1009,500.0,,500.0,1,airtime,ChannelId_3,0
CustomerId_1010,3762.1428571428573,4971.798816946486,26335.0,7,financial_services,ChannelId_3,1
CustomerId_1012,1687.918918918919,3441.4863138083697,124906.0,74,airtime,ChannelId_3,0
CustomerId_1014,95485.0,119332.84340149493,763880.0,8,financial_services,ChannelId_3,1
CustomerId_1016,4000.0,6745.368781616021,20000.0,5,financial_services,ChannelId_3,0
CustomerId_1020,1439.384236453202,2500.4482251946347,292195.0,203,financial_services,ChannelId_3,0
CustomerId_1021,5000.0,,5000.0,1,financial_services,ChannelId_3,1
CustomerId_1022,7000.0,,7000.0,1,airtime,ChannelId_3,1
CustomerId_1025,1075.0,1803.6536992079898,17200.0,16,financial_services,ChannelId_3,0
CustomerId_1027,1912.142857142857,3484.2705418482087,26770.0,14,financial_services,ChannelId_3,0
CustomerId_1028,500.0,,500.0,1,financial_services,ChannelId_3,0
CustomerId_1029,5666.666666666667,8692.669325356856,51000.0,9,financial_services,ChannelId_3,0
CustomerId_1030,293.75,713.8614811612364,2350.0,8,airtime,ChannelId_2,0
CustomerId_1031,2136.776,4615.395748241059,106838.8,50,airtime,ChannelId_3,0
CustomerId_1032,1000.0,0.0,2000.0,2,airtime,ChannelId_3,0
CustomerId_1033,475.0,742.4621202458749,950.0,2,airtime,ChannelId_2,1
CustomerId_1034,2531.75,7896.613345816885,40508.0,16,airtime,ChannelId_3,0
CustomerId_1038,3800.0,6685.805860178712,19000.0,5,financial_services,ChannelId_3,0
CustomerId_1039,8296.5,10395.940284387541,248895.0,30,financial_services,ChannelId_3,0
CustomerId_1040,50000.0,,50000.0,1,financial_services,ChannelId_3,1
CustomerId_1043,2333.3333333333335,6976.14984548545,14000.0,6,airtime,ChannelId_2,1
CustomerId_1044,1365.53125,2064.1874064527988,21848.5,16,financial_services,ChannelId_3,1
CustomerId_1048,1000.0,,1000.0,1,financial_services,ChannelId_3,1
CustomerId_1050,5000.0,,5000.0,1,financial_services,ChannelId_3,1
CustomerId_1052,8128.571428571428,18504.47822246589,56900.0,7,financial_services,ChannelId_3,0
CustomerId_1053,1969.7142857142858,1911.4446294435452,13788.0,7,financial_services,ChannelId_3,1
CustomerId_1054,3057.6923076923076,6112.9647232247835,159000.0,52,airtime,ChannelId_3,0
CustomerId_1055,1170.0,1338.6560424545207,5850.0,5,financial_services,ChannelId_3,1
CustomerId_1056,1375.0,1108.6778913041726,5500.0,4,financial_services,ChannelId_3,1
CustomerId_1057,2252.0,3886.258869401265,4504.0,2,financial_services,ChannelId_2,1
CustomerId_1058,476.37931034482756,597.271917841752,13815.0,29,financial_services,ChannelId_3,0
CustomerId_1059,4444.444444444444,6463.573143221772,40000.0,9,financial_services,ChannelId_3,0
CustomerId_1063,1110.4166666666667,1608.6590383033788,13325.0,12,financial_services,ChannelId_3,0
CustomerId_1064,4563.0952380952385,6424.71627468643,191650.0,42,financial_services,ChannelId_3,0
CustomerId_1068,500.0,,500.0,1,airtime,ChannelId_3,1
CustomerId_1070,5000.0,,5000.0,1,financial_services,ChannelId_3,0
CustomerId_1071,33755.71428571428,57242.85162275515,236290.0,7,financial_services,ChannelId_3,0
CustomerId_1073,1000.0,,1000.0,1,airtime,ChannelId_3,1
CustomerId_1074,3641.304347826087,5656.405458001928,167500.0,46,financial_services,ChannelId_3,0
CustomerId_1078,3166.6666666666665,7626.707459098367,19000.0,6,airtime,ChannelId_2,1
CustomerId_1079,20000.0,,20000.0,1,airtime,ChannelId_3,1
CustomerId_1080,5000.0,,5000.0,1,financial_services,ChannelId_3,0
CustomerId_1081,750.0,353.5533905932738,1500.0,2,airtime,ChannelId_3,0
CustomerId_1082,3800.0,6685.805860178712,19000.0,5,financial_services,ChannelId_3,1
CustomerId_1083,500.0,,500.0,1,airtime,ChannelId_3,0
CustomerId_1084,10000.0,,10000.0,1,financial_services,ChannelId_3,1
CustomerId_1085,725.0,1517.3990905493517,2900.0,4,financial_services,ChannelId_2,1
CustomerId_1086,2424.25,4114.986567610265,77576.0,32,financial_services,ChannelId_3,0
CustomerId_1087,4444.444444444444,6463.573143221772,40000.0,9,financial_services,ChannelId_3,0
CustomerId_1089,1116.1282894736842,1695.0127365720368,169651.5,152,financial_services,ChannelId_3,0
CustomerId_1091,1500.0,707.1067811865476,3000.0,2,airtime,ChannelId_3,0
CustomerId_1092,4062.5,5801.9393309478855,65000.0,16,airtime,ChannelId_3,0
CustomerId_1093,774.9090909090909,1912.920128366163,42620.0,55,airtime,ChannelId_3,0
CustomerId_1094,4637.142857142857,9189.939633979675,32460.0,7,financial_services,ChannelId_3,0
CustomerId_1095,443.1818181818182,764.5334287239268,4875.0,11,financial_services,ChannelId_3,0
CustomerId_1096,2486.2576530612246,17819.372756509856,1949226.0,784,airtime,ChannelId_3,0
CustomerId_1098,20000.0,,20000.0,1,financial_services,ChannelId_3,0
CustomerId_1099,686.6666666666666,843.8601779915912,6180.0,9,financial_services,ChannelId_3,0
CustomerId_1101,6666.666666666667,5873.670062235366,60000.0,9,financial_services,ChannelId_3,1
CustomerId_1102,4285.714285714285,6169.759644097497,60000.0,14,airtime,ChannelId_3,0
CustomerId_1103,30000.0,,30000.0,1,financial_services,ChannelId_3,1
CustomerId_1104,4000.0,9321.420969406376,40000.0,10,financial_services,ChannelId_2,0
CustomerId_1105,500.0,,500.0,1,airtime,ChannelId_3,0
CustomerId_1106,10000.0,,10000.0,1,financial_services,ChannelId_3,1
CustomerId_1108,3571.4285714285716,8741.715073003834,50000.0,14,airtime,ChannelId_2,0
CustomerId_1109,4975.0,6193.718015630262,39800.0,8,financial_services,ChannelId_3,1
CustomerId_1112,3333.3333333333335,6088.2400303098,20000.0,6,airtime,ChannelId_3,0
CustomerId_1113,1291.304347826087,3184.930860313962,29700.0,23,airtime,ChannelId_3,1
CustomerId_1114,928.5087719298245,963.8325492311376,52925.0,57,airtime,ChannelId_3,0
CustomerId_1116,745.0,1039.2717230280607,5960.0,8,airtime,ChannelId_3,0
CustomerId_1117,4000.0,,4000.0,1,financial_services,ChannelId_3,1
CustomerId_1118,2916.6666666666665,6412.736421045005,70000.0,24,airtime,ChannelId_3,0
CustomerId_1119,778.5714285714286,410.13934914158835,5450.0,7,airtime,ChannelId_3,0
CustomerId_1120,980.0,1442.497833620557,1960.0,2,airtime,ChannelId_2,1
CustomerId_1121,1728.1457142857143,2428.372158867315,12097.02,7,airtime,ChannelId_3,0
CustomerId_1122,1850000.0,,1850000.0,1,financial_services,ChannelId_3,1
CustomerId_1123,1000.0,,1000.0,1,airtime,ChannelId_3,1
CustomerId_1124,3166.6666666666665,7626.707459098367,19000.0,6,airtime,ChannelId_2,0
CustomerId_1125,5000.0,,5000.0,1,financial_services,ChannelId_3,0
CustomerId_1127,2490.135135135135,2946.553053637062,92135.0,37,financial_services,ChannelId_3,0
CustomerId_1129,500.0,0.0,1000.0,2,airtime,ChannelId_3,1
CustomerId_1130,990.0,1833.1393836803572,3960.0,4,airtime,ChannelId_2,1
CustomerId_1131,1504.5454545454545,2194.9321795279398,16550.0,11,financial_services,ChannelId_3,0
CustomerId_1134,375.55555555555554,430.80915470516385,3380.0,9,airtime,ChannelId_3,0
CustomerId_1135,5071.428571428572,10547.561043011032,71000.0,14,airtime,ChannelId_3,0
CustomerId_1137,4000.0,8911.199340392432,80000.0,20,airtime,ChannelId_2,1
CustomerId_1140,1250.0,3269.174207655505,3750.0,3,financial_services,ChannelId_2,1
CustomerId_1141,2968.673469387755,5077.606347925152,145465.0,49,airtime,ChannelId_3,0
CustomerId_1145,2375.0,1887.4586088176875,9500.0,4,financial_services,ChannelId_3,1
CustomerId_1146,3166.6666666666665,7626.707459098367,19000.0,6,airtime,ChannelId_2,1
CustomerId_1147,4444.444444444444,5843.268849682788,80000.0,18,airtime,ChannelId_3,0
CustomerId_1150,1000.0,0.0,2000.0,2,airtime,ChannelId_3,1
CustomerId_1153,3000.0,,3000.0,1,financial_services,ChannelId_3,1
CustomerId_1154,608.3333333333334,846.869234297716,5475.0,9,airtime,ChannelId_3,0
CustomerId_1156,4044.086956521739,8121.07295048366,1488224.0,368,financial_services,ChannelId_3,0
CustomerId_1158,3750.0,7094.061903149301,30000.0,8,airtime,ChannelId_2,1
CustomerId_1159,4000.0,6745.368781616021,20000.0,5,financial_services,ChannelId_3,0
CustomerId_1160,3259.3333333333335,6929.972651632974,48890.0,15,airtime,ChannelId_3,0
CustomerId_1161,2500.0,,2500.0,1,financial_services,ChannelId_3,0
CustomerId_1162,637.8571428571429,1176.4277040503353,4465.0,7,financial_services,ChannelId_3,0
CustomerId_1163,3571.4285714285716,7303.4689936125105,50000.0,14,airtime,ChannelId_3,0
CustomerId_1164,3166.6666666666665,7626.707459098367,19000.0,6,airtime,ChannelId_2,1
CustomerId_1165,10800.0,14515.508947329405,54000.0,5,financial_services,ChannelId_3,1
CustomerId_1170,5948.555555555556,14101.364348768951,107074.0,18,utility_bill,ChannelId_3,0
CustomerId_1171,654.1666666666666,1373.9010760119036,3925.0,6,financial_services,ChannelId_3,1
CustomerId_1172,2806.6630952380956,4417.996239581807,235759.7,84,financial_services,ChannelId_3,0
CustomerId_1174,1000.0,,1000.0,1,airtime,ChannelId_3,1
CustomerId_1175,37106.64937759336,359409.4007452866,8942702.5,241,financial_services,ChannelId_3,0
CustomerId_1177,7219.5,12439.0,28878.0,4,financial_services,ChannelId_3,0
CustomerId_1179,300.0,1539.4804318340653,900.0,3,financial_services,ChannelId_2,0
CustomerId_1180,2140.3880597014927,3254.1012488914794,143406.0,67,airtime,ChannelId_3,0
CustomerId_1182,2500.0,6757.711644237764,10000.0,4,airtime,ChannelId_2,0
CustomerId_1183,2504.1666666666665,5054.265016096918,45075.0,18,airtime,ChannelId_3,0
CustomerId_1184,1000.0,,1000.0,1,financial_services,ChannelId_3,1
CustomerId_1186,1475.0,2665.0515942472857,5900.0,4,financial_services,ChannelId_2,1
CustomerId_1187,5571.428571428572,9431.456989902512,39000.0,7,financial_services,ChannelId_3,1
CustomerId_1189,1500.0,707.1067811865476,3000.0,2,financial_services,ChannelId_3,1
CustomerId_1190,5333.333333333333,6183.695920571712,80000.0,15,financial_services,ChannelId_3,0
CustomerId_1191,3416.6666666666665,6200.134407145273,20500.0,6,airtime,ChannelId_3,0
CustomerId_1192,1889.3181818181818,3086.743659222275,41565.0,22,airtime,ChannelId_3,0
CustomerId_1193,2250.0,6601.767440112787,9000.0,4,airtime,ChannelId_2,1
CustomerId_1194,2250.0,6601.767440112787,9000.0,4,airtime,ChannelId_2,1
CustomerId_1195,3166.6666666666665,6047.037842337905,19000.0,6,airtime,ChannelId_3,1
CustomerId_1196,3166.6666666666665,6266.31204670392,19000.0,6,airtime,ChannelId_2,1
CustomerId_1197,2250.0,6601.767440112787,9000.0,4,airtime,ChannelId_2,1
CustomerId_1198,2250.0,6601.767440112787,9000.0,4,airtime,ChannelId_2,1
CustomerId_1200,2250.0,6601.767440112787,9000.0,4,airtime,ChannelId_2,1
CustomerId_1201,3135.9393063583816,8880.120804886395,542517.5,173,airtime,ChannelId_3,0
CustomerId_1202,4482.758620689655,6598.813148996527,130000.0,29,airtime,ChannelId_3,0
CustomerId_1203,856.2222222222222,1996.2786844172297,38530.0,45,airtime,ChannelId_3,0
CustomerId_1204,2250.0,6601.767440112787,9000.0,4,airtime,ChannelId_2,1
CustomerId_1208,2196.6666666666665,3365.0334322261942,19770.0,9,financial_services,ChannelId_3,1
CustomerId_1209,5000.0,6511.528238439882,30000.0,6,financial_services,ChannelId_3,0
CustomerId_1210,8333.333333333334,25181.01136438593,25000.0,3,tv,ChannelId_3,1
CustomerId_1211,100000.0,0.0,200000.0,2,financial_services,ChannelId_3,1
CustomerId_1212,2294.1176470588234,4928.992111506582,39000.0,17,financial_services,ChannelId_3,1
CustomerId_1214,2382.3863636363635,5690.768175619785,104825.0,44,financial_services,ChannelId_3,0
CustomerId_1215,1000.0,,1000.0,1,airtime,ChannelId_3,1
CustomerId_1217,3222.222222222222,6255.553088612104,29000.0,9,airtime,ChannelId_3,1
CustomerId_1218,1931.3194444444443,1964.8128235863244,139055.0,72,airtime,ChannelId_3,0
CustomerId_1219,641.6666666666666,841.080654079421,3850.0,6,financial_services,ChannelId_2,0
CustomerId_1220,3076.923076923077,5488.040610599537,40000.0,13,airtime,ChannelId_3,0
CustomerId_1221,4000.0,6745.368781616021,20000.0,5,financial_services,ChannelId_3,0
CustomerId_1222,1844.0,7714.81533685792,82980.0,45,financial_services,ChannelId_3,0
CustomerId_1223,7166.666666666667,11116.804097101529,21500.0,3,financial_services,ChannelId_3,0
CustomerId_1224,10000.0,,10000.0,1,financial_services,ChannelId_3,0
CustomerId_1225,1000.0,,1000.0,1,financial_services,ChannelId_3,0
CustomerId_1226,1337.5,2290.4693842092715,10700.0,8,financial_services,ChannelId_2,1
CustomerId_1227,2816.6769230769232,3686.5900224796023,73233.6,26,financial_services,ChannelId_3,0
CustomerId_1228,4000.0,6745.368781616021,20000.0,5,financial_services,ChannelId_3,0
CustomerId_1231,2000.0,,2000.0,1,airtime,ChannelId_3,1
CustomerId_1232,5000.0,,5000.0,1,financial_services,ChannelId_3,0
CustomerId_1233,1000.0,,1000.0,1,airtime,ChannelId_3,0
CustomerId_1234,3333.3333333333335,7270.404932243312,40000.0,12,airtime,ChannelId_2,1
CustomerId_1235,3166.6666666666665,6104.643041707408,19000.0,6,airtime,ChannelId_3,1
CustomerId_1236,1095.625,2169.185886620666,8765.0,8,financial_services,ChannelId_2,1
CustomerId_1237,1000.0,,1000.0,1,airtime,ChannelId_3,0
CustomerId_1238,4000.0,6745.368781616021,20000.0,5,financial_services,ChannelId_3,0
CustomerId_1240,5666.666666666667,7527.72652709081,34000.0,6,airtime,ChannelId_3,1
CustomerId_1241,4285.714285714285,6102.302453836194,30000.0,7,financial_services,ChannelId_3,0
CustomerId_1242,5542.789473684211,9263.462969135824,842504.0,152,financial_services,ChannelId_3,0
CustomerId_1244,5000.0,,5000.0,1,financial_services,ChannelId_3,1
CustomerId_1245,4655.172413793103,6136.98310054335,135000.0,29,airtime,ChannelId_3,0
CustomerId_1246,4157.894736842105,6048.536626460769,79000.0,19,airtime,ChannelId_3,0
CustomerId_1247,4615.384615384615,9197.26826779254,60000.0,13,airtime,ChannelId_3,0
CustomerId_1250,2424.539010989011,4614.518775738537,661899.15,273,financial_services,ChannelId_3,0
CustomerId_1252,4210.526315789473,6058.317949255305,80000.0,19,airtime,ChannelId_3,0
CustomerId_1253,4000.0,6745.368781616021,20000.0,5,financial_services,ChannelId_3,0
CustomerId_1256,3333.3333333333335,7814.516406449389,20000.0,6,airtime,ChannelId_2,0
CustomerId_1257,1418.75,1903.8359901190877,17025.0,12,financial_services,ChannelId_3,0
CustomerId_1258,4285.714285714285,6163.448323633065,30000.0,7,financial_services,ChannelId_3,0
CustomerId_1259,1075.84375,1617.5299246974278,17213.5,16,airtime,ChannelId_3,1
CustomerId_1260,4444.444444444444,6463.573143221772,40000.0,9,financial_services,ChannelId_3,0
CustomerId_1262,1115.5555555555557,791.5034919555173,10040.0,9,financial_services,ChannelId_3,0
CustomerId_1263,3800.0,6685.805860178712,19000.0,5,financial_services,ChannelId_3,1
CustomerId_1265,2582.4742268041236,4735.234238514465,250500.0,97,financial_services,ChannelId_3,0
CustomerId_1266,473.5,476.74085424396253,9470.0,20,airtime,ChannelId_3,0
CustomerId_1268,1000000.0,,1000000.0,1,financial_services,ChannelId_3,0
CustomerId_1269,666.6666666666666,3785.9388972001825,2000.0,3,financial_services,ChannelId_2,1
CustomerId_1270,1542.5454545454545,1915.43306282987,50904.0,33,financial_services,ChannelId_3,0
CustomerId_1271,925.0,503.7360419902471,5550.0,6,financial_services,ChannelId_3,0
CustomerId_1272,1500.0,866.0254037844386,4500.0,3,financial_services,ChannelId_3,1
CustomerId_1273,3166.6666666666665,7626.707459098367,19000.0,6,airtime,ChannelId_2,1
CustomerId_1274,5000.0,,5000.0,1,financial_services,ChannelId_3,1
CustomerId_1275,2814.8478260869565,9503.242723171974,712156.5,253,financial_services,ChannelId_3,0
CustomerId_1276,6761.627906976744,21603.4755842374,581500.0,86,financial_services,ChannelId_3,0
CustomerId_1277,2681.8333333333335,7224.056208761435,160910.0,60,financial_services,ChannelId_3,0
CustomerId_1279,4142.857142857143,7425.823667638301,29000.0,7,airtime,ChannelId_3,1
CustomerId_1280,2390.9772727272725,3286.966782214027,105203.0,44,airtime,ChannelId_3,0
CustomerId_1281,6000.0,9098.806287753849,180000.0,30,financial_services,ChannelId_3,0
CustomerId_1282,10000.0,,10000.0,1,airtime,ChannelId_3,0
CustomerId_1283,942.3684210526316,382.45685457844144,17905.0,19,airtime,ChannelId_3,1
CustomerId_1285,737.5,525.0,2950.0,4,airtime,ChannelId_3,1
CustomerId_1286,2652.464285714286,3371.4044631626152,74269.0,28,financial_services,ChannelId_3,0
CustomerId_1287,4142.857142857143,7425.823667638301,29000.0,7,airtime,ChannelId_3,1
CustomerId_1288,1169.2857142857142,837.3260029193141,16370.0,14,financial_services,ChannelId_3,0
CustomerId_1294,5348.166666666667,6787.470031185584,64178.0,12,financial_services,ChannelId_3,0
CustomerId_1295,6143.333333333333,6625.676964514286,92150.0,15,financial_services,ChannelId_3,1
CustomerId_1297,5000.0,,5000.0,1,financial_services,ChannelId_3,1
CustomerId_1298,20399.0,43873.992044202416,407980.0,20,airtime,ChannelId_3,0
CustomerId_1299,6021.666666666667,14360.298743410596,216780.0,36,financial_services,ChannelId_2,0
CustomerId_1300,3333.3333333333335,6088.2400303098,20000.0,6,airtime,ChannelId_3,0
CustomerId_1301,5000.0,6240.28656958863,90000.0,18,financial_services,ChannelId_3,0
CustomerId_1302,430015.8333333333,1235636.027663308,7740285.0,18,financial_services,ChannelId_3,0
CustomerId_1303,4761.9047619047615,6268.211562357815,100000.0,21,financial_services,ChannelId_3,0
CustomerId_1304,50000.0,0.0,150000.0,3,airtime,ChannelId_3,0
CustomerId_1306,1014.0983606557377,1984.3446668435909,61860.0,61,financial_services,ChannelId_3,1
CustomerId_1307,14920.588235294117,32368.421430189534,253650.0,17,airtime,ChannelId_3,0
CustomerId_1308,9903.866666666667,25991.4281745421,148558.0,15,airtime,ChannelId_3,0
CustomerId_1310,10000.0,,10000.0,1,financial_services,ChannelId_3,0
CustomerId_1311,1264.8484848484848,1393.6521741725078,41740.0,33,financial_services,ChannelId_3,0
CustomerId_1312,1000.0,,1000.0,1,financial_services,ChannelId_3,0
CustomerId_1313,3166.6666666666665,7626.707459098367,19000.0,6,airtime,ChannelId_2,1
CustomerId_1316,15000.0,7071.067811865475,30000.0,2,financial_services,ChannelId_3,0
CustomerId_1317,4500.0,6186.903731090195,45000.0,10,airtime,ChannelId_3,0
CustomerId_1318,712.2857142857143,1130.3754117232786,4986.0,7,financial_services,ChannelId_3,1
CustomerId_1320,5000.0,0.0,10000.0,2,movies,ChannelId_3,1
CustomerId_1321,30000.0,28284.2712474619,60000.0,2,airtime,ChannelId_3,1
CustomerId_1322,491.6666666666667,842.8621872326856,2950.0,6,financial_services,ChannelId_3,1
CustomerId_1323,4000.0,6020.797289396148,60000.0,15,airtime,ChannelId_3,0
CustomerId_1324,14993.244444444445,35146.98168933866,674696.0,45,financial_services,ChannelId_3,0
CustomerId_1325,8256.0,10833.867268893413,41280.0,5,tv,ChannelId_3,1
CustomerId_1326,4333.333333333333,1154.7005383792514,13000.0,3,airtime,ChannelId_3,1
CustomerId_1328,1000.0,,1000.0,1,airtime,ChannelId_3,0
CustomerId_1329,4571.428571428572,8263.517065131184,32000.0,7,airtime,ChannelId_3,0
CustomerId_1330,5714.285714285715,9516.902257112266,40000.0,7,financial_services,ChannelId_3,0
CustomerId_1331,5500.0,5916.079783099616,66000.0,12,airtime,ChannelId_3,0
CustomerId_1332,1500.0,707.1067811865476,3000.0,2,airtime,ChannelId_3,1
CustomerId_1335,1777.4203539823009,4404.376749004483,200848.5,113,financial_services,ChannelId_3,0
CustomerId_1338,11000.0,12727.922061357855,22000.0,2,financial_services,ChannelId_3,1
CustomerId_1339,3800.0,6685.805860178712,19000.0,5,financial_services,ChannelId_3,1
CustomerId_1341,1960.0,2140.1869077255847,21560.0,11,financial_services,ChannelId_3,1
CustomerId_1343,1000.0,,1000.0,1,airtime,ChannelId_3,1
CustomerId_1349,1142.857142857143,377.9644730092272,8000.0,7,airtime,ChannelId_3,1
CustomerId_1351,6340.0,14258.721641758173,95100.0,15,airtime,ChannelId_3,1
CustomerId_1353,2000000.0,,2000000.0,1,financial_services,ChannelId_3,0
CustomerId_1355,2000.0,0.0,10000.0,5,financial_services,ChannelId_3,1
CustomerId_1356,5000.0,,5000.0,1,financial_services,ChannelId_3,1
CustomerId_1357,100.0,,100.0,1,airtime,ChannelId_3,0
CustomerId_1358,325.0,986.6610360199697,1950.0,6,financial_services,ChannelId_2,0
CustomerId_1359,4444.444444444444,6463.573143221772,40000.0,9,financial_services,ChannelId_3,0
CustomerId_1360,10000.0,,10000.0,1,financial_services,ChannelId_3,1
CustomerId_1361,1166.6666666666667,2260.530911091463,10500.0,9,airtime,ChannelId_3,1
CustomerId_1362,4000.0,7156.153038874272,80000.0,20,airtime,ChannelId_3,0
CustomerId_1363,5000.0,,5000.0,1,financial_services,ChannelId_3,1
CustomerId_1365,4625.0,6209.87117418711,18500.0,4,financial_services,ChannelId_1,0
CustomerId_1366,180.0,843.0599029724993,900.0,5,financial_services,ChannelId_2,0
CustomerId_1367,3333.3333333333335,6088.2400303098,20000.0,6,airtime,ChannelId_3,0
CustomerId_1369,3166.6666666666665,7626.707459098367,19000.0,6,airtime,ChannelId_2,1
CustomerId_1370,16121.42857142857,23193.818449873972,112850.0,7,airtime,ChannelId_3,1
CustomerId_1372,500.0,,500.0,1,financial_services,ChannelId_3,0
CustomerId_1373,10000.0,,10000.0,1,financial_services,ChannelId_3,1
CustomerId_1375,10000.0,8660.254037844386,30000.0,3,financial_services,ChannelId_3,0
CustomerId_1376,110000.0,127279.22061357855,220000.0,2,financial_services,ChannelId_3,1
CustomerId_1378,3846.153846153846,8060.667402539258,50000.0,13,airtime,ChannelId_3,0
CustomerId_1379,1000.0,,1000.0,1,airtime,ChannelId_3,1
CustomerId_1380,4000.0,7262.013639842819,80000.0,20,airtime,ChannelId_3,0
CustomerId_1381,5000.0,,5000.0,1,financial_services,ChannelId_3,1
CustomerId_1382,649.75,897.6262189504986,12995.0,20,financial_services,ChannelId_3,0
CustomerId_1384,2333.3333333333335,577.3502691896258,7000.0,3,financial_services,ChannelId_3,0
CustomerId_1385,50000.0,,50000.0,1,financial_services,ChannelId_3,0
CustomerId_1386,1000.0,,1000.0,1,airtime,ChannelId_3,1
CustomerId_1387,608.3333333333334,769.1755883504661,21900.0,36,financial_services,ChannelId_3,0
CustomerId_1389,100000.0,,100000.0,1,financial_services,ChannelId_3,1
CustomerId_1390,500.0,,500.0,1,airtime,ChannelId_3,0
CustomerId_1392,2252.0,2489.4818738042663,11260.0,5,financial_services,ChannelId_2,1
CustomerId_1393,100.0,7212.489168102785,200.0,2,airtime,ChannelId_3,1
CustomerId_1394,10000.0,,10000.0,1,financial_services,ChannelId_3,1
CustomerId_1395,4000.0,6745.368781616021,20000.0,5,financial_services,ChannelId_3,0
CustomerId_1396,4257.142857142857,6127.222628798234,29800.0,7,airtime,ChannelId_3,1
CustomerId_1397,680.0,1369.8033111038646,6800.0,10,financial_services,ChannelId_2,0
CustomerId_1398,5041.186046511628,10694.189856125065,216771.0,43,financial_services,ChannelId_3,0
CustomerId_1400,500.0,,500.0,1,airtime,ChannelId_3,1
CustomerId_1402,1660.0,2166.4717861075414,9960.0,6,airtime,ChannelId_3,0
CustomerId_1404,2000.0,0.0,4000.0,2,financial_services,ChannelId_3,0
CustomerId_1406,245.0,360.62445840513925,490.0,2,airtime,ChannelId_2,1
CustomerId_1407,4776.666666666667,6531.834261792732,85980.0,18,financial_services,ChannelId_3,0
CustomerId_1408,1000.0,,1000.0,1,financial_services,ChannelId_3,1
CustomerId_1409,1245.375,1915.7042935216775,29889.0,24,airtime,ChannelId_3,0
CustomerId_1410,4230.7692307692305,5035.7694902541325,55000.0,13,financial_services,ChannelId_3,0
CustomerId_1411,1166.6666666666667,408.24829046386304,7000.0,6,financial_services,ChannelId_3,0
CustomerId_1413,3509.7028571428573,6719.642394025806,491358.4,140,financial_services,ChannelId_3,0
CustomerId_1414,2500.0,6757.711644237764,10000.0,4,airtime,ChannelId_2,0
CustomerId_1415,409.09615384615387,1649.0091767734211,21273.0,52,airtime,ChannelId_3,0
CustomerId_1417,3500.0,2121.3203435596424,7000.0,2,financial_services,ChannelId_3,1
CustomerId_1418,3500.0,,3500.0,1,airtime,ChannelId_3,0
CustomerId_1419,3802.777777777778,5534.782691709264,34225.0,9,financial_services,ChannelId_3,0
CustomerId_1420,1185.0,1680.2513039555852,11850.0,10,financial_services,ChannelId_3,1
CustomerId_1421,2981.0,6228.605069444611,29810.0,10,financial_services,ChannelId_3,0
CustomerId_1422,4666.666666666667,7252.153703096296,14000.0,3,financial_services,ChannelId_3,1
CustomerId_1423,597.1428571428571,883.2843306609763,8360.0,14,airtime,ChannelId_3,1
CustomerId_1424,4000.0,6745.368781616021,20000.0,5,financial_services,ChannelId_3,0
CustomerId_1425,1635.8333333333333,5203.837251765003,58890.0,36,financial_services,ChannelId_2,0
CustomerId_1426,10000.0,,10000.0,1,financial_services,ChannelId_3,1
CustomerId_1427,4000.0,7655.424040598882,120000.0,30,airtime,ChannelId_3,1
CustomerId_1429,5045.555555555556,9732.19999924975,181640.0,36,airtime,ChannelId_3,0
CustomerId_1431,5000.0,,5000.0,1,financial_services,ChannelId_3,1
CustomerId_1432,2000.0,,2000.0,1,airtime,ChannelId_3,1
CustomerId_1435,3793.103448275862,5542.687011761068,110000.0,29,airtime,ChannelId_3,0
CustomerId_1436,2250.0,6601.767440112787,9000.0,4,airtime,ChannelId_2,1
CustomerId_1437,20000.0,,20000.0,1,financial_services,ChannelId_3,1
CustomerId_1438,4533.46875,8857.15637023158,145071.0,32,airtime,ChannelId_3,0
CustomerId_1439,500.0,,500.0,1,airtime,ChannelId_3,1
CustomerId_1440,110.0,837.4962686484042,440.0,4,airtime,ChannelId_2,0
CustomerId_1441,1000.0,,1000.0,1,financial_services,ChannelId_3,1
CustomerId_1442,4444.444444444444,6463.573143221772,40000.0,9,financial_services,ChannelId_3,0
CustomerId_1443,1000.0,0.0,2000.0,2,airtime,ChannelId_3,0
CustomerId_1444,500.0,,500.0,1,airtime,ChannelId_3,1
CustomerId_1445,500.0,,500.0,1,airtime,ChannelId_3,0
CustomerId_1447,1231.25,1847.186567265395,9850.0,8,airtime,ChannelId_3,1
CustomerId_1448,1166.6666666666667,577.3502691896257,3500.0,3,financial_services,ChannelId_3,0
CustomerId_1449,18250.666666666668,43571.03462340372,492768.0,27,airtime,ChannelId_3,0
CustomerId_1450,6747.222222222223,16366.268876700164,60725.0,9,financial_services,ChannelId_3,0
CustomerId_1451,1030.5555555555557,2436.9417242355757,18550.0,18,financial_services,ChannelId_3,0
CustomerId_1452,2236.3636363636365,3194.61194115114,24600.0,11,airtime,ChannelId_3,0
CustomerId_1453,1834.090909090909,2613.2420651193206,20175.0,11,financial_services,ChannelId_3,0
CustomerId_1454,4285.714285714285,6877.2598683417,60000.0,14,airtime,ChannelId_3,0
CustomerId_1455,1000.0,,1000.0,1,airtime,ChannelId_3,1
CustomerId_1458,500.0,,500.0,1,airtime,ChannelId_3,1
CustomerId_1459,10000.0,,10000.0,1,movies,ChannelId_3,1
CustomerId_1461,1561.904761904762,2612.7608872843903,65600.0,42,financial_services,ChannelId_3,0
CustomerId_1464,2500.0,6757.711644237764,10000.0,4,airtime,ChannelId_2,0
CustomerId_1466,5457.142857142857,6181.654887071677,38200.0,7,financial_services,ChannelId_3,0
CustomerId_1468,26724.266666666666,28193.687255601504,400864.0,15,airtime,ChannelId_3,0
CustomerId_1472,3401.4545454545455,5290.541755541946,224496.0,66,financial_services,ChannelId_3,0
CustomerId_1474,10000.0,,10000.0,1,financial_services,ChannelId_1,1
CustomerId_1475,2092.5,3703.6806017798026,16740.0,8,financial_services,ChannelId_3,1
CustomerId_1476,1750.0,3414.3604295471127,14000.0,8,financial_services,ChannelId_3,1
CustomerId_1477,1984.058620689655,3275.502078992743,115075.4,58,financial_services,ChannelId_3,0
CustomerId_1478,2500.0,6757.711644237764,10000.0,4,airtime,ChannelId_2,0
CustomerId_1479,3333.3333333333335,6161.709719442054,20000.0,6,airtime,ChannelId_3,0
CustomerId_1480,4137.931034482759,5930.996892422979,120000.0,29,airtime,ChannelId_3,0
CustomerId_1481,1461.5384615384614,3555.87271555532,19000.0,13,airtime,ChannelId_3,1
CustomerId_1482,2400.0,4135.214625627066,24000.0,10,airtime,ChannelId_3,1
CustomerId_1483,1103.3333333333333,1637.0075595427163,9930.0,9,financial_services,ChannelId_3,1
CustomerId_1484,371.25,746.2178444854903,2970.0,8,financial_services,ChannelId_3,0
CustomerId_1485,4347.826086956522,6055.491089252449,100000.0,23,airtime,ChannelId_3,0
CustomerId_1486,3333.3333333333335,7814.516406449389,20000.0,6,airtime,ChannelId_2,0
CustomerId_1487,812.5,530.3300858899107,6500.0,8,airtime,ChannelId_3,1
CustomerId_1488,4000.0,6745.368781616021,20000.0,5,financial_services,ChannelId_3,0
CustomerId_1489,15000.0,7745.966692414834,90000.0,6,financial_services,ChannelId_3,1
CustomerId_1490,10000.0,8660.254037844386,30000.0,3,financial_services,ChannelId_3,1
CustomerId_1492,1116.6666666666667,1663.079472945696,3350.0,3,airtime,ChannelId_3,1
CustomerId_1494,3219.8275862068967,9233.855068902561,93375.0,29,financial_services,ChannelId_3,0
CustomerId_1495,1990.0,2837.3403038761494,9950.0,5,financial_services,ChannelId_3,1
CustomerId_1496,50000.0,,50000.0,1,financial_services,ChannelId_3,1
CustomerId_1498,855.0,2185.734049085875,3420.0,4,airtime,ChannelId_2,0
CustomerId_1499,4250.0,5092.010548749033,34000.0,8,financial_services,ChannelId_3,1
CustomerId_1501,4000.0,6745.368781616021,20000.0,5,financial_services,ChannelId_3,0
CustomerId_1502,5000.0,,5000.0,1,airtime,ChannelId_3,1
CustomerId_1503,4006.364864864865,16625.54046629934,296471.0,74,financial_services,ChannelId_3,0
CustomerId_1504,10945.0,31340.71234034096,109450.0,10,financial_services,ChannelId_2,0
CustomerId_1505,1951.8103448275863,4020.883874092304,226410.0,116,financial_services,ChannelId_3,0
CustomerId_1506,5000.0,,5000.0,1,financial_services,ChannelId_3,1
CustomerId_1507,475.0,742.4621202458749,950.0,2,airtime,ChannelId_2,0
CustomerId_1508,3809.5238095238096,5808.261767680995,80000.0,21,airtime,ChannelId_3,0
CustomerId_1509,3554.6470588235293,6073.434591946065,60429.0,17,airtime,ChannelId_3,0
CustomerId_1510,2325.5806451612902,4194.390111059265,216279.0,93,financial_services,ChannelId_3,1
CustomerId_1511,987.5,2168.0924795773817,3950.0,4,financial_services,ChannelId_2,0
CustomerId_1512,4169.84375,4480.445413553283,133435.0,32,financial_services,ChannelId_3,0
CustomerId_1513,3166.6666666666665,7626.707459098367,19000.0,6,airtime,ChannelId_2,1
CustomerId_1514,483.3333333333333,738.1353195722313,4350.0,9,financial_services,ChannelId_3,1
CustomerId_1515,2046.9285714285713,2931.5459754911262,143285.0,70,financial_services,ChannelId_3,0
CustomerId_1516,2996.4285714285716,5840.241657589831,20975.0,7,financial_services,ChannelId_1,0
CustomerId_1517,2272.7272727272725,3860.5934541443003,25000.0,11,airtime,ChannelId_3,0
CustomerId_1518,2250.0,6601.767440112787,9000.0,4,airtime,ChannelId_2,1
CustomerId_1520,4896.0,6085.470530612021,97920.0,20,financial_services,ChannelId_3,0
CustomerId_1521,1000.0,,1000.0,1,financial_services,ChannelId_3,1
CustomerId_1523,19918.14285714286,52557.29452973882,278854.0,14,financial_services,ChannelId_1,0
CustomerId_1524,2000.0,5567.764362830022,10000.0,5,airtime,ChannelId_3,0
CustomerId_1525,1000.0,,1000.0,1,airtime,ChannelId_3,1
CustomerId_1526,500.0,,500.0,1,airtime,ChannelId_3,0
CustomerId_1528,2356.0,4906.493656370097,11780.0,5,airtime,ChannelId_3,1
CustomerId_1529,978.0714285714286,1352.6555754589215,27386.0,28,financial_services,ChannelId_3,1
CustomerId_1531,3000.0,,3000.0,1,financial_services,ChannelId_3,1
CustomerId_1532,29617.8,65032.14365106407,592356.0,20,financial_services,ChannelId_3,1
CustomerId_1533,1621.4444444444443,5431.227138245644,145930.0,90,financial_services,ChannelId_3,0
CustomerId_1535,8601821.142857144,3309916.123615392,60212748.0,7,financial_services,ChannelId_3,0
CustomerId_1537,4132.125,4594.306176623976,99171.0,24,financial_services,ChannelId_3,0
CustomerId_1538,4666.666666666667,6125.668087956572,70000.0,15,financial_services,ChannelId_3,0
CustomerId_1540,3800.0,6685.805860178712,19000.0,5,financial_services,ChannelId_3,1
CustomerId_1541,2703.448275862069,3718.0527505883542,78400.0,29,financial_services,ChannelId_3,1
CustomerId_1542,2000.0,5667.892024377317,10000.0,5,airtime,ChannelId_3,0
CustomerId_1543,4000.0,6745.368781616021,20000.0,5,financial_services,ChannelId_3,0
CustomerId_1545,3471.214285714286,12157.945838478929,242985.0,70,financial_services,ChannelId_3,0
CustomerId_1546,6400.0,8997.48264113641,320000.0,50,financial_services,ChannelId_3,0
CustomerId_1547,2004.8076923076924,2900.926654103596,104250.0,52,financial_services,ChannelId_3,1
CustomerId_1550,4285.714285714285,6203.9512400575,60000.0,14,airtime,ChannelId_3,0
CustomerId_1554,1220.1923076923076,1840.1225398158845,31725.0,26,financial_services,ChannelId_3,0
CustomerId_1557,4800.0,6244.9979983983985,120000.0,25,financial_services,ChannelId_3,0
CustomerId_1561,4000.0,6745.368781616021,20000.0,5,financial_services,ChannelId_3,0
CustomerId_1562,1250.0,3269.174207655505,3750.0,3,financial_services,ChannelId_2,1
CustomerId_1564,626.0714285714286,3141.1985672913834,17530.0,28,airtime,ChannelId_3,1
CustomerId_1565,3505.8823529411766,5186.1860490435665,59600.0,17,financial_services,ChannelId_3,1
CustomerId_1566,1000.0,,1000.0,1,airtime,ChannelId_3,0
CustomerId_1567,333500.0,288386.4594602181,1000500.0,3,financial_services,ChannelId_3,0
CustomerId_1568,1522.6666666666667,2754.856663802173,22840.0,15,financial_services,ChannelId_3,0
CustomerId_1569,5000.0,,5000.0,1,financial_services,ChannelId_3,1
CustomerId_1570,3222.222222222222,5124.153046547736,29000.0,9,financial_services,ChannelId_3,1
CustomerId_1571,10000.0,,10000.0,1,financial_services,ChannelId_3,1
CustomerId_1572,4615.384615384615,6357.914510519697,60000.0,13,financial_services,ChannelId_3,0
CustomerId_1573,3166.6666666666665,7626.707459098367,19000.0,6,airtime,ChannelId_2,1
CustomerId_1576,2709.802197802198,9369.563800139471,246592.0,91,financial_services,ChannelId_3,0
CustomerId_1577,1750.0,2839.4541729001367,5250.0,3,airtime,ChannelId_3,1
CustomerId_1578,6666.666666666667,9374.36866561092,80000.0,12,airtime,ChannelId_3,1
CustomerId_1579,4500.0,7667.429405231621,90000.0,20,airtime,ChannelId_3,0
CustomerId_1580,988.6666666666666,944.2047800486221,5932.0,6,airtime,ChannelId_3,1
CustomerId_1581,1923.076923076923,3639.1743216820137,25000.0,13,airtime,ChannelId_3,0
CustomerId_1583,858.8888888888889,1150.276536799352,7730.0,9,airtime,ChannelId_3,1
CustomerId_1584,4054.4745762711864,9510.749514240102,239214.0,59,airtime,ChannelId_3,0
CustomerId_1587,1263.6666666666667,1646.646447726264,18955.0,15,financial_services,ChannelId_3,1
CustomerId_1588,3746.6666666666665,14155.694672698568,123640.0,33,financial_services,ChannelId_3,0
CustomerId_1591,3888.8888888888887,6527.71867585538,35000.0,9,financial_services,ChannelId_3,0
CustomerId_1593,3846.153846153846,8060.667402539258,50000.0,13,airtime,ChannelId_3,0
CustomerId_1594,4207.865168539326,5422.548350911915,374500.0,89,airtime,ChannelId_3,0
CustomerId_1597,50000.0,,50000.0,1,ticket,ChannelId_1,1
CustomerId_1602,72957.06896551725,367643.93186699913,4231510.0,58,financial_services,ChannelId_3,0
CustomerId_1604,2174.1833333333334,4481.880936891482,65225.5,30,financial_services,ChannelId_3,1
CustomerId_1605,1800.0,,1800.0,1,airtime,ChannelId_3,1
CustomerId_1608,1253.125,1696.2860165667817,20050.0,16,financial_services,ChannelId_3,1
CustomerId_1609,195.0,760.0164471904538,975.0,5,financial_services,ChannelId_3,1
CustomerId_1610,500.0,,500.0,1,airtime,ChannelId_3,0
CustomerId_1611,3800.0,6685.805860178712,19000.0,5,financial_services,ChannelId_3,1
CustomerId_1612,20000.0,,20000.0,1,financial_services,ChannelId_3,0
CustomerId_1613,4444.444444444444,6166.5341798168665,80000.0,18,airtime,ChannelId_3,0
CustomerId_1614,200.0,670.820393249937,1000.0,5,airtime,ChannelId_3,1
CustomerId_1615,2000.0,5744.562646538028,10000.0,5,airtime,ChannelId_3,0
CustomerId_1617,500.0,,500.0,1,financial_services,ChannelId_3,0
CustomerId_1618,5384.615384615385,10935.709560414614,70000.0,13,airtime,ChannelId_3,0
CustomerId_1619,5000.0,,5000.0,1,financial_services,ChannelId_3,1
CustomerId_1620,4000.0,6745.368781616021,20000.0,5,financial_services,ChannelId_3,0
CustomerId_1621,1000.0,,1000.0,1,airtime,ChannelId_3,0
CustomerId_1622,2602.8968253968255,5841.643958790182,327965.0,126,airtime,ChannelId_3,0
CustomerId_1623,4000.0,6745.368781616021,20000.0,5,financial_services,ChannelId_3,0
CustomerId_1624,4166.666666666667,6731.314005102876,75000.0,18,airtime,ChannelId_3,1
CustomerId_1625,3809.5238095238096,6981.397049438226,80000.0,21,airtime,ChannelId_3,1
CustomerId_1626,451.9230769230769,602.119653327374,5875.0,13,financial_services,ChannelId_3,0
CustomerId_1627,500.0,,500.0,1,financial_services,ChannelId_3,0
CustomerId_1629,500.0,,500.0,1,airtime,ChannelId_3,1
CustomerId_1632,4839.705882352941,5940.975589663689,329100.0,68,financial_services,ChannelId_3,0
CustomerId_1634,4942.105263157895,6281.305224365189,93900.0,19,airtime,ChannelId_3,1
CustomerId_1635,3333.3333333333335,7814.516406449389,20000.0,6,airtime,ChannelId_2,0
CustomerId_1636,2364.3125,4648.06154835089,75658.0,32,financial_services,ChannelId_3,0
CustomerId_1637,10000.0,,10000.0,1,financial_services,ChannelId_3,0
CustomerId_1639,1245.7142857142858,1596.6393277309508,17440.0,14,financial_services,ChannelId_3,0
CustomerId_1640,421.875,912.7506994167215,3375.0,8,financial_services,ChannelId_2,1
CustomerId_1641,3166.6666666666665,7626.707459098367,19000.0,6,airtime,ChannelId_2,1
CustomerId_1642,2831.0,4818.984332823671,28310.0,10,financial_services,ChannelId_2,1
CustomerId_1643,3800.0,6685.805860178712,19000.0,5,financial_services,ChannelId_3,1
CustomerId_1645,4000.0,6745.368781616021,20000.0,5,financial_services,ChannelId_3,0
CustomerId_1647,863.1578947368421,899.2036762947471,16400.0,19,financial_services,ChannelId_3,0
CustomerId_1651,10000.0,0.0,20000.0,2,financial_services,ChannelId_3,0
CustomerId_1652,5000.0,,5000.0,1,financial_services,ChannelId_3,1
CustomerId_1653,276745.8333333333,677653.6302597121,1660475.0,6,financial_services,ChannelId_3,0
CustomerId_1655,4444.444444444444,6463.573143221772,40000.0,9,financial_services,ChannelId_3,0
CustomerId_1656,11879.666666666666,21448.27214276508,1069170.0,90,airtime,ChannelId_3,0
CustomerId_1657,2000.0,0.0,6000.0,3,airtime,ChannelId_3,1
CustomerId_1658,2407.860465116279,4273.288789130046,103538.0,43,airtime,ChannelId_3,0
CustomerId_1659,55000.0,91810.94705970524,165000.0,3,airtime,ChannelId_3,1
CustomerId_1660,1000.0,,1000.0,1,airtime,ChannelId_3,1
CustomerId_1661,2584.55,4472.809472391574,51691.0,20,financial_services,ChannelId_3,0
CustomerId_1663,3528.727083333333,7990.886821801907,1693789.0,480,airtime,ChannelId_3,0
CustomerId_1664,1000.0,,1000.0,1,financial_services,ChannelId_3,1
CustomerId_1666,50000.0,,50000.0,1,financial_services,ChannelId_3,0
CustomerId_1670,15312.333333333334,32311.918289136123,229685.0,15,financial_services,ChannelId_3,1
CustomerId_1671,5000.0,0.0,10000.0,2,airtime,ChannelId_3,1
CustomerId_1672,3375.0,3767.45935611786,20250.0,6,airtime,ChannelId_3,0
CustomerId_1674,20000.0,,20000.0,1,financial_services,ChannelId_3,1
CustomerId_1676,5125.0,6332.201370262034,164000.0,32,airtime,ChannelId_3,0
CustomerId_1679,2250.0,6601.767440112787,9000.0,4,airtime,ChannelId_2,1
CustomerId_1680,67559.09090909091,147897.88169237215,743150.0,11,financial_services,ChannelId_3,0
CustomerId_1681,3846.153846153846,8060.667402539258,50000.0,13,airtime,ChannelId_3,0
CustomerId_1683,8291.666666666666,12384.84839216733,99500.0,12,airtime,ChannelId_3,0
CustomerId_1684,4692.307692307692,5963.564585388723,61000.0,13,financial_services,ChannelId_3,0
CustomerId_1686,1000.0,,1000.0,1,airtime,ChannelId_3,0
CustomerId_1687,2000.0,,2000.0,1,financial_services,ChannelId_3,1
CustomerId_1688,6923.6875,7204.237028478449,110779.0,16,financial_services,ChannelId_3,0
CustomerId_1690,96077.61904761905,138962.67351899797,2017630.0,21,airtime,ChannelId_3,1
CustomerId_1692,1707.142857142857,3721.606795841971,11950.0,7,financial_services,ChannelId_3,0
CustomerId_1694,4545.454545454545,6162.306871134055,100000.0,22,airtime,ChannelId_3,0
CustomerId_1695,8180.489583333333,31408.92303420019,785327.0,96,airtime,ChannelId_3,0
CustomerId_1696,2644.5454545454545,3370.087131325728,29090.0,11,financial_services,ChannelId_3,0
CustomerId_1697,3000.0,6429.100507328637,30000.0,10,airtime,ChannelId_3,0
CustomerId_1698,249500.0,354260.49737446033,499000.0,2,airtime,ChannelId_3,0
CustomerId_1699,4080.46357615894,9238.590996304458,616150.0,151,airtime,ChannelId_3,0
CustomerId_1701,2800.0,6186.342484322488,70000.0,25,airtime,ChannelId_3,0
CustomerId_1702,862.8571428571429,1139.0510799070262,12080.0,14,airtime,ChannelId_2,1
CustomerId_1707,1571.4285714285713,2801.466452719769,11000.0,7,financial_services,ChannelId_2,0
CustomerId_1708,3333.3333333333335,6088.2400303098,20000.0,6,airtime,ChannelId_3,0
CustomerId_1709,1625.925572519084,3207.920535895807,851985.0,524,airtime,ChannelId_3,0
CustomerId_1710,596.0,1142.838571277676,2980.0,5,financial_services,ChannelId_3,0
CustomerId_1712,1000.0,,1000.0,1,airtime,ChannelId_3,1
CustomerId_1713,910.936170212766,993.1032260426497,42814.0,47,financial_services,ChannelId_3,0
CustomerId_1714,4142.857142857143,7425.823667638301,29000.0,7,airtime,ChannelId_3,1
CustomerId_1716,80000.0,,80000.0,1,ticket,ChannelId_1,1
CustomerId_1717,3333.3333333333335,7202.69309902816,40000.0,12,airtime,ChannelId_3,0
CustomerId_1719,5000.0,,5000.0,1,airtime,ChannelId_3,0
CustomerId_1720,3166.6666666666665,7626.707459098367,19000.0,6,airtime,ChannelId_2,1
CustomerId_1721,3166.6666666666665,7626.707459098367,19000.0,6,airtime,ChannelId_2,1
CustomerId_1722,1000.0,,1000.0,1,financial_services,ChannelId_3,0
CustomerId_1723,800.0,,800.0,1,airtime,ChannelId_3,1
CustomerId_1724,1000000.0,,1000000.0,1,financial_services,ChannelId_3,0
CustomerId_1725,1297.5,1665.5301826966943,25950.0,20,financial_services,ChannelId_3,1
CustomerId_1726,1146.6666666666667,2150.410813464875,6880.0,6,financial_services,ChannelId_2,1
CustomerId_1728,1500.0,3122.4989991991993,4500.0,3,financial_services,ChannelId_3,1
CustomerId_1729,5000.0,6053.334382210944,40000.0,8,financial_services,ChannelId_3,0
CustomerId_1730,2641.746031746032,7503.213836080088,166430.0,63,financial_services,ChannelId_3,0
CustomerId_1731,15130.434782608696,41346.052738745195,348000.0,23,financial_services,ChannelId_3,1
CustomerId_1732,8944.444444444445,26099.85851262579,161000.0,18,airtime,ChannelId_3,1
CustomerId_1733,4736.8421052631575,6491.9251736970855,180000.0,38,financial_services,ChannelId_3,0
CustomerId_1736,237.5,371.23106012293744,475.0,2,airtime,ChannelId_2,0
CustomerId_1738,4000.0,6745.368781616021,20000.0,5,financial_services,ChannelId_3,0
CustomerId_1739,599.5263157894736,428.4543756886883,11391.0,19,financial_services,ChannelId_3,0
CustomerId_1741,4333.333333333333,4932.882862316247,13000.0,3,airtime,ChannelId_3,1
CustomerId_1742,2333.3333333333335,1154.7005383792514,7000.0,3,financial_services,ChannelId_3,0
CustomerId_1744,5000.0,,5000.0,1,financial_services,ChannelId_3,0
CustomerId_1748,21333.333333333332,35218.366420567174,64000.0,3,airtime,ChannelId_3,0
CustomerId_1749,237.5,962.0940702446928,950.0,4,airtime,ChannelId_2,0
CustomerId_1750,1195.2380952380952,1400.6877919351587,25100.0,21,financial_services,ChannelId_3,0
CustomerId_1752,237.5,962.0940702446928,950.0,4,airtime,ChannelId_2,0
CustomerId_1753,250000.0,,250000.0,1,financial_services,ChannelId_3,1
CustomerId_1754,500.0,,500.0,1,airtime,ChannelId_3,1
CustomerId_1755,5000.0,,5000.0,1,airtime,ChannelId_3,1
CustomerId_1756,5000.0,,5000.0,1,financial_services,ChannelId_3,1
CustomerId_1757,237.5,303.10889132455355,950.0,4,airtime,ChannelId_2,1
CustomerId_1758,1249.5,3741.2426790216814,113704.5,91,airtime,ChannelId_3,0
CustomerId_1759,2400.0,5896.326540030383,24000.0,10,airtime,ChannelId_3,0
CustomerId_1762,1515.3,1973.889789223299,15153.0,10,financial_services,ChannelId_3,0
CustomerId_1763,3076.923076923077,6143.581182306436,40000.0,13,airtime,ChannelId_3,0
CustomerId_1764,5500.0,6363.961030678927,11000.0,2,airtime,ChannelId_3,1
CustomerId_1767,14044.761904761905,18201.703867783264,294940.0,21,airtime,ChannelId_3,0
CustomerId_1768,3221.3529411764707,6619.986102737601,219052.0,68,financial_services,ChannelId_2,0
CustomerId_1769,10000.0,,10000.0,1,utility_bill,ChannelId_3,1
CustomerId_1770,1850.0,4356.604182158393,14800.0,8,airtime,ChannelId_3,0
CustomerId_1773,3341.9395833333333,7052.10165040211,80206.55,24,financial_services,ChannelId_3,0
CustomerId_1774,4710.526315789473,6405.900551652917,179000.0,38,airtime,ChannelId_3,0
CustomerId_1776,245.0,360.62445840513925,490.0,2,airtime,ChannelId_2,1
CustomerId_1782,2363.5789473684213,4897.808062068735,44908.0,19,airtime,ChannelId_3,0
CustomerId_1784,4444.444444444444,6463.573143221772,40000.0,9,financial_services,ChannelId_3,0
CustomerId_1786,5172.413793103448,6064.763365524079,150000.0,29,airtime,ChannelId_3,0
CustomerId_1790,7137.407407407408,11411.582372778645,192710.0,27,financial_services,ChannelId_3,0
CustomerId_1791,5000.0,6511.528238439882,30000.0,6,financial_services,ChannelId_3,0
CustomerId_1792,1000000.0,,1000000.0,1,financial_services,ChannelId_3,1
CustomerId_1794,1111.111111111111,3838.7642687603407,10000.0,9,airtime,ChannelId_3,1
CustomerId_1795,3900.0,9122.01244852862,39000.0,10,airtime,ChannelId_2,0
CustomerId_1797,2666.6666666666665,577.3502691896257,8000.0,3,airtime,ChannelId_3,1
CustomerId_1798,50000.0,,50000.0,1,financial_services,ChannelId_3,1
CustomerId_1800,3000.0,6745.368781616021,15000.0,5,financial_services,ChannelId_3,0
CustomerId_1801,659.7222222222222,792.1832679786663,11875.0,18,financial_services,ChannelId_3,0
CustomerId_1802,7000.0,5196.152422706632,21000.0,3,financial_services,ChannelId_3,0
CustomerId_1805,11849.801724137931,34907.86393668666,343644.25,29,financial_services,ChannelId_3,1
CustomerId_1806,3000.0,4313.381870168087,60000.0,20,airtime,ChannelId_3,1
CustomerId_1807,5000.0,7745.966692414834,30000.0,6,airtime,ChannelId_3,1
CustomerId_1809,2955.601052631579,4067.6853813684793,56156.42,19,financial_services,ChannelId_3,1
CustomerId_1810,3695.6521739130435,6983.322878041107,85000.0,23,airtime,ChannelId_3,0
CustomerId_1811,658.3333333333334,591.7840259193664,1975.0,3,airtime,ChannelId_3,1
CustomerId_1812,11536.971428571429,57058.337898972124,403794.0,35,financial_services,ChannelId_3,0
CustomerId_1813,3856.0,7210.279328847116,19280.0,5,financial_services,ChannelId_2,1
CustomerId_1815,968.4177215189874,1323.9629575691515,76505.0,79,airtime,ChannelId_3,0
CustomerId_1817,3166.6666666666665,7626.707459098367,19000.0,6,airtime,ChannelId_2,1
CustomerId_1820,1480.0,2071.3924463188205,14800.0,10,airtime,ChannelId_3,0
CustomerId_1821,10000.0,,10000.0,1,financial_services,ChannelId_3,0
CustomerId_1825,6315.789473684211,8818.809642393466,120000.0,19,financial_services,ChannelId_3,0
CustomerId_1827,3166.6666666666665,7626.707459098367,19000.0,6,airtime,ChannelId_2,1
CustomerId_1828,1800.0,7661.592523751182,9000.0,5,financial_services,ChannelId_2,1
CustomerId_1830,311.1111111111111,719.2781875680029,2800.0,9,financial_services,ChannelId_2,1
CustomerId_1831,21200.0,39865.4853611106,296800.0,14,financial_services,ChannelId_3,0
CustomerId_1833,78400.0,93932.83652577398,784000.0,10,ticket,ChannelId_3,1
CustomerId_1835,3166.6666666666665,7626.707459098367,19000.0,6,airtime,ChannelId_2,1
CustomerId_1836,5000.0,,5000.0,1,financial_services,ChannelId_3,0
CustomerId_1838,1000.0,,1000.0,1,airtime,ChannelId_3,0
CustomerId_1839,1566.3529411764705,2802.43530124195,26628.0,17,financial_services,ChannelId_3,1
CustomerId_1841,5000.0,6218.25270205921,110000.0,22,airtime,ChannelId_3,0
CustomerId_1843,74.23076923076923,910.5535087559064,965.0,13,financial_services,ChannelId_2,1
CustomerId_1844,4717.5,5456.622505420974,47175.0,10,airtime,ChannelId_3,1
CustomerId_1845,2184.6153846153848,2932.745060475525,28400.0,13,airtime,ChannelId_3,0
CustomerId_1846,2345.9375,10422.491579711957,37535.0,16,financial_services,ChannelId_3,0
CustomerId_1848,5142.666666666667,12650.616600820387,77140.0,15,financial_services,ChannelId_3,0
CustomerId_1849,2076.551724137931,2659.57337591425,60220.0,29,financial_services,ChannelId_3,0
CustomerId_1850,1509988.0,,1509988.0,1,financial_services,ChannelId_3,0
CustomerId_1852,2000.0,,2000.0,1,airtime,ChannelId_3,0
CustomerId_1853,1000.0,,1000.0,1,airtime,ChannelId_3,1
CustomerId_1855,390.0,900.2777349240622,1950.0,5,airtime,ChannelId_3,0
CustomerId_1856,30300.0,42002.14280248092,60600.0,2,financial_services,ChannelId_3,0
CustomerId_1858,66002.23214285714,302017.51960609475,3696125.0,56,financial_services,ChannelId_3,0
CustomerId_1860,5955.744680851064,5858.465589540472,279920.0,47,financial_services,ChannelId_3,0
CustomerId_1861,3800.0,6685.805860178712,19000.0,5,financial_services,ChannelId_3,1
CustomerId_1862,485.0,518.8930525647843,2425.0,5,financial_services,ChannelId_3,1
CustomerId_1864,4133.333333333333,5747.173218200405,111600.0,27,airtime,ChannelId_3,0
CustomerId_1867,4193.548387096775,5869.749312300084,130000.0,31,airtime,ChannelId_3,0
CustomerId_1870,2450.0,6481.5121692395205,9800.0,4,airtime,ChannelId_2,1
CustomerId_1871,2941.176470588235,4019.026440496724,50000.0,17,financial_services,ChannelId_3,0
CustomerId_1872,5000.0,0.0,20000.0,4,airtime,ChannelId_3,0
CustomerId_1873,1000.0,,1000.0,1,airtime,ChannelId_3,1
CustomerId_1874,4216.818181818182,6491.15323700807,92770.0,22,airtime,ChannelId_3,0
CustomerId_1875,6300.830927835052,8624.547655159477,611180.6,97,financial_services,ChannelId_3,0
CustomerId_1876,3666.6666666666665,3785.9388972001825,11000.0,3,financial_services,ChannelId_3,1
CustomerId_1877,10028.888888888889,16634.36791312736,180520.0,18,financial_services,ChannelId_3,0
CustomerId_1879,1000.0,,1000.0,1,airtime,ChannelId_3,1
CustomerId_1881,6542.857142857143,5822.587140473156,229000.0,35,financial_services,ChannelId_3,0
CustomerId_1882,1625.0,2250.0,6500.0,4,airtime,ChannelId_3,0
CustomerId_1884,10000.0,,10000.0,1,airtime,ChannelId_3,1
CustomerId_1885,150000.0,,150000.0,1,financial_services,ChannelId_3,0
CustomerId_1886,2333.3333333333335,6658.328118479393,7000.0,3,financial_services,ChannelId_2,1
CustomerId_1887,1000.0,,1000.0,1,airtime,ChannelId_3,1
CustomerId_1888,10000.0,,10000.0,1,financial_services,ChannelId_3,1
CustomerId_1889,5047.020895522389,7483.436394576891,338150.4,67,financial_services,ChannelId_3,0
CustomerId_1890,8888.888888888889,10373.577546396957,80000.0,9,financial_services,ChannelId_3,0
CustomerId_1891,182621.81818181818,602758.2432421506,2008840.0,11,financial_services,ChannelId_3,1
CustomerId_1892,10000.0,,10000.0,1,airtime,ChannelId_3,0
CustomerId_1895,842.1538461538462,931.6349290498081,10948.0,13,financial_services,ChannelId_3,1
CustomerId_1898,3728.813559322034,5536.619497910306,220000.0,59,airtime,ChannelId_3,0
CustomerId_1899,5000.0,6342.099196813483,50000.0,10,financial_services,ChannelId_3,0
CustomerId_1900,30000.0,,30000.0,1,financial_services,ChannelId_3,1
CustomerId_1901,4705.882352941177,6302.427170169769,80000.0,17,financial_services,ChannelId_3,0
CustomerId_1903,10000.0,,10000.0,1,financial_services,ChannelId_3,0
CustomerId_1906,4437.093023255814,12593.765968798009,190795.0,43,financial_services,ChannelId_3,0
CustomerId_1907,5500.0,6363.961030678927,11000.0,2,financial_services,ChannelId_3,1
CustomerId_1908,844.6513157894736,1376.9323292026936,128387.0,152,financial_services,ChannelId_3,0
CustomerId_1911,127228.56097560975,129111.61773017347,5216371.0,41,tv,ChannelId_1,0
CustomerId_1913,500.0,,500.0,1,financial_services,ChannelId_3,1
CustomerId_1914,2150.0,2642.4420523447625,10750.0,5,financial_services,ChannelId_3,1
CustomerId_1915,420.3636363636364,7991.784872889501,4624.0,11,airtime,ChannelId_5,0
CustomerId_1916,805.3125,899.1652957975339,12885.0,16,financial_services,ChannelId_3,0
CustomerId_1917,45714.28571428572,62988.66111111926,320000.0,7,ticket,ChannelId_3,1
CustomerId_1918,500.0,,500.0,1,airtime,ChannelId_3,1
CustomerId_1919,3800.0,6685.805860178712,19000.0,5,financial_services,ChannelId_3,1
CustomerId_1922,4000.0,6745.368781616021,20000.0,5,financial_services,ChannelId_3,0
CustomerId_1923,4000.0,6745.368781616021,20000.0,5,financial_services,ChannelId_3,0
CustomerId_1925,1292.7777777777778,2405.5368318724513,58175.0,45,financial_services,ChannelId_3,0
CustomerId_1927,4700.0,6128.621378417825,18800.0,4,financial_services,ChannelId_2,0
CustomerId_1928,300.0,606.2177826491071,900.0,3,financial_services,ChannelId_2,0
CustomerId_1929,3490.5869111969114,7703.1316907007395,904062.01,259,financial_services,ChannelId_3,0
CustomerId_1930,3166.6666666666665,7626.707459098367,19000.0,6,airtime,ChannelId_2,1
CustomerId_1931,4000.0,6164.414002968976,40000.0,10,airtime,ChannelId_3,0
CustomerId_1932,910.9375,2282.568388368823,29150.0,32,airtime,ChannelId_3,1
CustomerId_1935,1000.0,,1000.0,1,financial_services,ChannelId_3,1
CustomerId_1937,3590.1492537313434,6660.605244255963,240540.0,67,airtime,ChannelId_3,0
CustomerId_1938,1117.0757575757575,2206.632333604979,73727.0,66,financial_services,ChannelId_3,0
CustomerId_1942,414.2857142857143,796.1963146288555,2900.0,7,airtime,ChannelId_3,1
CustomerId_1943,1074.8076923076924,3903.89222086068,55890.0,52,airtime,ChannelId_3,0
CustomerId_1944,11333.333333333334,21683.326928003153,68000.0,6,financial_services,ChannelId_3,0
CustomerId_1945,1712.5,2786.388044284811,6850.0,4,airtime,ChannelId_2,0
CustomerId_1946,4000.0,7262.013639842819,80000.0,20,airtime,ChannelId_3,0
CustomerId_1947,5876.071428571428,18850.028458429388,164530.0,28,financial_services,ChannelId_3,1
CustomerId_1950,4333.333333333333,6442.049363362563,39000.0,9,financial_services,ChannelId_3,1
CustomerId_1951,1000.0,0.0,2000.0,2,financial_services,ChannelId_3,1
CustomerId_1956,1980.6666666666667,3301.394988494484,118840.0,60,financial_services,ChannelId_3,0
CustomerId_1961,1000.0,,1000.0,1,financial_services,ChannelId_3,0
CustomerId_1963,2408.3333333333335,2165.736980029354,14450.0,6,financial_services,ChannelId_3,1
CustomerId_1965,5060.0,5732.801089636141,126500.0,25,financial_services,ChannelId_3,0
CustomerId_1966,10000.0,,10000.0,1,financial_services,ChannelId_3,1
CustomerId_1967,1790.0,11258.13039540758,8950.0,5,airtime,ChannelId_2,0
CustomerId_1968,2206.25,5218.335633678068,17650.0,8,airtime,ChannelId_3,0
CustomerId_1969,5463.056603773585,20162.076796765512,579084.0,106,financial_services,ChannelId_3,0
CustomerId_1970,1964.2857142857142,2484.068283702209,13750.0,7,airtime,ChannelId_3,0
CustomerId_1971,3166.6666666666665,7626.707459098367,19000.0,6,airtime,ChannelId_2,1
CustomerId_1973,4000.0,6182.41233033047,40000.0,10,airtime,ChannelId_3,0
CustomerId_1974,3880.0,7724.851670636359,97000.0,25,airtime,ChannelId_3,0
CustomerId_1975,3166.6666666666665,7626.707459098367,19000.0,6,airtime,ChannelId_2,1
CustomerId_1976,2806.784722222222,9508.915128728373,404177.0,144,airtime,ChannelId_3,0
CustomerId_1978,3333.3333333333335,7814.516406449389,20000.0,6,airtime,ChannelId_2,0
CustomerId_1979,1693.745856353591,6898.632414515774,306568.0,181,airtime,ChannelId_3,1
CustomerId_1980,50250.0,70357.12472806148,100500.0,2,airtime,ChannelId_3,0
CustomerId_1981,620.625,632.0117398321919,4965.0,8,financial_services,ChannelId_3,1
CustomerId_1983,1846.1538461538462,3659.37503421358,24000.0,13,airtime,ChannelId_3,1
CustomerId_1984,540000.0,,540000.0,1,financial_services,ChannelId_3,0
CustomerId_1985,2446.3561643835615,7108.232383749499,178584.0,73,airtime,ChannelId_3,0
CustomerId_1987,5439.921411764706,11998.507370822303,2311966.6,425,financial_services,ChannelId_3,0
CustomerId_1988,79696.04166666667,61491.39269882955,1912705.0,24,financial_services,ChannelId_3,0
CustomerId_1990,3333.3333333333335,7814.516406449389,20000.0,6,airtime,ChannelId_2,0
CustomerId_1991,2500.0,6757.711644237764,10000.0,4,airtime,ChannelId_2,0
CustomerId_1994,332.77777777777777,672.4354574562859,2995.0,9,airtime,ChannelId_3,0
CustomerId_1995,3407.038273381295,11041.284924524174,947156.64,278,financial_services,ChannelId_3,0
CustomerId_1996,3367.625,3765.4440176425405,53882.0,16,financial_services,ChannelId_3,0
CustomerId_1997,652.0,437.62998069145124,3260.0,5,financial_services,ChannelId_3,1
CustomerId_1998,6666.666666666667,2886.751345948129,20000.0,3,financial_services,ChannelId_3,0
CustomerId_1999,50750.0,69650.01794687493,101500.0,2,airtime,ChannelId_3,0
CustomerId_2001,697.8571428571429,1007.3283672966028,9770.0,14,airtime,ChannelId_2,1
CustomerId_2002,2750.0,3181.9805153394636,5500.0,2,airtime,ChannelId_3,0
CustomerId_2003,6171.6,11944.158170419547,92574.0,15,financial_services,ChannelId_3,0
CustomerId_2004,750.0,353.5533905932738,1500.0,2,airtime,ChannelId_3,1
CustomerId_2006,9611.066666666668,39290.24859466571,720830.0,75,financial_services,ChannelId_3,1
CustomerId_2007,500.0,,500.0,1,financial_services,ChannelId_3,1
CustomerId_2008,500.0,,500.0,1,airtime,ChannelId_3,1
CustomerId_2009,4333.333333333333,5948.189000103509,65000.0,15,airtime,ChannelId_3,0
CustomerId_2012,2676.470588235294,4558.444006972761,45500.0,17,airtime,ChannelId_3,1
CustomerId_2013,2407.5753424657532,7176.15944719219,351506.0,146,airtime,ChannelId_3,0
CustomerId_2014,3333.3333333333335,7814.516406449389,20000.0,6,airtime,ChannelId_2,0
CustomerId_2015,4000.0,6182.41233033047,40000.0,10,airtime,ChannelId_3,0
CustomerId_2016,985.2,1605.44961214697,14778.0,15,financial_services,ChannelId_3,1
CustomerId_2017,1411.3529411764705,5519.083148723256,119965.0,85,financial_services,ChannelId_3,0
CustomerId_2018,3333.3333333333335,7262.9195231669755,30000.0,9,airtime,ChannelId_3,0
CustomerId_2019,2000.0,,2000.0,1,airtime,ChannelId_3,1
CustomerId_2020,3000.0,6745.368781616021,15000.0,5,financial_services,ChannelId_3,0
CustomerId_2022,356.25,498.48729505708906,1425.0,4,airtime,ChannelId_2,1
CustomerId_2025,3166.6666666666665,7626.707459098367,19000.0,6,airtime,ChannelId_2,0
CustomerId_2029,1000.0,,1000.0,1,financial_services,ChannelId_3,0
CustomerId_2030,2000.0,,2000.0,1,financial_services,ChannelId_3,0
CustomerId_2032,3567.1641791044776,5660.131384589817,239000.0,67,airtime,ChannelId_3,0
CustomerId_2033,1386.1842105263158,2070.821595151878,105350.0,76,financial_services,ChannelId_3,0
CustomerId_2034,3600.0,4781.661396866753,54000.0,15,financial_services,ChannelId_3,0
CustomerId_2035,2168.0,3449.0443120764144,21680.0,10,airtime,ChannelId_3,0
CustomerId_2036,50000.0,,50000.0,1,financial_services,ChannelId_3,1
CustomerId_2039,500.0,,500.0,1,airtime,ChannelId_3,1
CustomerId_2040,150000.0,,150000.0,1,financial_services,ChannelId_3,0
CustomerId_2041,4354.285714285715,4444.692929561641,30480.0,7,airtime,ChannelId_3,0
CustomerId_2042,4500.0,7236.602866858979,90000.0,20,airtime,ChannelId_3,0
CustomerId_2046,5000.0,,5000.0,1,financial_services,ChannelId_3,1
CustomerId_2049,1000.0,,1000.0,1,financial_services,ChannelId_3,1
CustomerId_2051,5085.245901639344,6138.344947013371,310200.0,61,financial_services,ChannelId_3,0
CustomerId_2052,1412.3045685279187,4230.456330457459,278224.0,197,airtime,ChannelId_3,0
CustomerId_2053,1000.0,,1000.0,1,financial_services,ChannelId_3,0
CustomerId_2054,610.0,1196.9365659286807,4880.0,8,financial_services,ChannelId_2,0
CustomerId_2055,2882.5,4208.811373988882,34590.0,12,financial_services,ChannelId_3,0
CustomerId_2056,2143.75,4503.141264717331,42875.0,20,airtime,ChannelId_3,1
CustomerId_2057,3166.6666666666665,7626.707459098367,19000.0,6,airtime,ChannelId_2,1
CustomerId_2059,1100.0,,1100.0,1,airtime,ChannelId_3,1
CustomerId_2061,2857.1428571428573,5263.914057884229,40000.0,14,airtime,ChannelId_3,0
CustomerId_2062,2612.0588235294117,5590.863377764076,44405.0,17,airtime,ChannelId_3,0
CustomerId_2063,4166.666666666667,5952.103513203047,100000.0,24,airtime,ChannelId_3,0
CustomerId_2064,2027.375,2984.4223741037868,81095.0,40,financial_services,ChannelId_3,0
CustomerId_2065,985.7142857142857,837.015673745264,6900.0,7,airtime,ChannelId_3,0
CustomerId_2067,2000.0,,2000.0,1,financial_services,ChannelId_3,0
CustomerId_2068,2502.840336134454,4999.861459069105,297838.0,119,airtime,ChannelId_3,0
CustomerId_2069,4710.3,5492.1125605317875,235515.0,50,financial_services,ChannelId_3,0
CustomerId_2071,10000.0,,10000.0,1,financial_services,ChannelId_3,0
CustomerId_2072,4147.058823529412,7028.652842779598,141000.0,34,airtime,ChannelId_3,0
CustomerId_2073,1000.0,,1000.0,1,financial_services,ChannelId_3,1
CustomerId_2074,3166.6666666666665,7626.707459098367,19000.0,6,airtime,ChannelId_2,1
CustomerId_2075,1837.142857142857,2096.9876353610534,12860.0,7,tv,ChannelId_3,0
CustomerId_2076,1500.0,,1500.0,1,airtime,ChannelId_3,1
CustomerId_2078,7491.25,12771.07383056391,59930.0,8,financial_services,ChannelId_3,0
CustomerId_2081,4000.0,,4000.0,1,financial_services,ChannelId_3,1
CustomerId_2083,1000.0,,1000.0,1,financial_services,ChannelId_3,0
CustomerId_2085,5000.0,,5000.0,1,financial_services,ChannelId_3,1
CustomerId_2086,17160.0,15311.329138908875,51480.0,3,tv,ChannelId_3,0
CustomerId_2089,1653.3333333333333,1385.7945975744985,9920.0,6,financial_services,ChannelId_3,1
CustomerId_2093,6480.0,9691.577099041553,162000.0,25,financial_services,ChannelId_3,0
CustomerId_2094,3157.337179487179,7646.634548806151,492544.6,156,financial_services,ChannelId_3,0
CustomerId_2095,10000.0,,10000.0,1,financial_services,ChannelId_3,0
CustomerId_2097,33333.333333333336,57951.12883571236,100000.0,3,data_bundles,ChannelId_3,0
CustomerId_2098,10000.0,,10000.0,1,financial_services,ChannelId_3,1
CustomerId_2099,4000.0,6558.963332722634,20000.0,5,financial_services,ChannelId_3,1
CustomerId_2101,500.0,,500.0,1,airtime,ChannelId_3,1
CustomerId_2102,5571.428571428572,9431.456989902512,39000.0,7,financial_services,ChannelId_3,1
CustomerId_2103,3166.6666666666665,7626.707459098367,19000.0,6,airtime,ChannelId_2,1
CustomerId_2104,3166.6666666666665,7626.707459098367,19000.0,6,airtime,ChannelId_2,1
CustomerId_2105,1000.0,,1000.0,1,data_bundles,ChannelId_3,0
CustomerId_2106,3571.4285714285716,8741.715073003834,50000.0,14,airtime,ChannelId_2,0
CustomerId_2107,5714.285714285715,8385.787295861286,40000.0,7,airtime,ChannelId_3,0
CustomerId_2108,20250.0,353.5533905932738,40500.0,2,airtime,ChannelId_3,0
CustomerId_2109,333.3333333333333,1154.7005383792516,1000.0,3,financial_services,ChannelId_3,1
CustomerId_2110,1000.0,,1000.0,1,financial_services,ChannelId_3,1
CustomerId_2111,2228.5405405405404,5759.448196081073,247368.0,111,airtime,ChannelId_3,0
CustomerId_2115,2000.0,,2000.0,1,financial_services,ChannelId_3,0
CustomerId_2116,2000.0,,2000.0,1,airtime,ChannelId_3,1
CustomerId_2117,3571.4285714285716,7303.4689936125105,50000.0,14,airtime,ChannelId_3,0
CustomerId_2120,4000.0,6745.368781616021,20000.0,5,financial_services,ChannelId_3,0
CustomerId_2122,500.0,,500.0,1,airtime,ChannelId_3,0
CustomerId_2123,625.0,1250.0,2500.0,4,airtime,ChannelId_3,1
CustomerId_2126,572.2222222222222,1221.61563973364,10300.0,18,financial_services,ChannelId_3,0
CustomerId_2127,2072.222222222222,2510.496852108053,18650.0,9,financial_services,ChannelId_3,0
CustomerId_2130,3568.137931034483,7623.147548862224,103476.0,29,financial_services,ChannelId_3,0
CustomerId_2133,6644.444444444444,8477.633972859277,59800.0,9,airtime,ChannelId_3,1
CustomerId_2134,4705.882352941177,6026.137920367747,80000.0,17,airtime,ChannelId_3,0
CustomerId_2135,1601.22,3904.8436248748717,131300.04,82,airtime,ChannelId_3,0
CustomerId_2136,475.0,742.4621202458749,950.0,2,airtime,ChannelId_2,1
CustomerId_2137,4100.0,5648.008498577175,164000.0,40,airtime,ChannelId_3,0
CustomerId_2138,5714.285714285715,6591.7030766372845,80000.0,14,financial_services,ChannelId_3,0
CustomerId_2139,1000.0,,1000.0,1,airtime,ChannelId_3,1
CustomerId_2140,3846.153846153846,8060.667402539258,50000.0,13,airtime,ChannelId_3,0
CustomerId_2141,10000.0,,10000.0,1,financial_services,ChannelId_3,1
CustomerId_2142,4489.285714285715,7006.575709617586,125700.0,28,airtime,ChannelId_3,0
CustomerId_2143,500000.0,,500000.0,1,financial_services,ChannelId_3,1
CustomerId_2144,4250.0,6652.0673478250355,17000.0,4,financial_services,ChannelId_2,1
CustomerId_2145,3684.2105263157896,7318.565672915146,70000.0,19,airtime,ChannelId_3,0
CustomerId_2147,10000.0,,10000.0,1,financial_services,ChannelId_3,0
CustomerId_2148,3000.0,13892.443989449805,9000.0,3,utility_bill,ChannelId_3,0
CustomerId_2149,4444.444444444444,6463.573143221772,40000.0,9,financial_services,ChannelId_3,0
CustomerId_2150,965.48,1373.363544975134,24137.0,25,financial_services,ChannelId_3,0
CustomerId_2151,6000.0,,6000.0,1,financial_services,ChannelId_3,1
CustomerId_2153,500.0,,500.0,1,airtime,ChannelId_3,0
CustomerId_2154,2424.582677165354,4658.105922451411,307922.0,127,airtime,ChannelId_3,0
CustomerId_2155,3800.0,6685.805860178712,19000.0,5,financial_services,ChannelId_3,1
CustomerId_2156,507.5,470.5847426340977,4060.0,8,financial_services,ChannelId_3,1
CustomerId_2157,1000.0,,1000.0,1,airtime,ChannelId_3,1
CustomerId_2158,75000.0,108512.67207105353,225000.0,3,financial_services,ChannelId_3,1
CustomerId_2159,1333.3333333333333,577.3502691896257,4000.0,3,financial_services,ChannelId_3,1
CustomerId_2165,1250.0,3269.174207655505,3750.0,3,financial_services,ChannelId_2,1
CustomerId_2166,50000.0,,50000.0,1,financial_services,ChannelId_3,1
CustomerId_2167,4000.0,6164.414002968976,40000.0,10,airtime,ChannelId_3,0
CustomerId_2169,31750.0,46176.29261861546,127000.0,4,financial_services,ChannelId_3,0
CustomerId_2170,2000.0,0.0,4000.0,2,airtime,ChannelId_3,0
CustomerId_2171,3529.4117647058824,7381.290936032324,60000.0,17,airtime,ChannelId_3,0
CustomerId_2172,998.8888888888889,1759.0423136215657,8990.0,9,financial_services,ChannelId_3,0
CustomerId_2173,5571.428571428572,6241.184258807054,39000.0,7,financial_services,ChannelId_3,0
CustomerId_2175,3333.3333333333335,6088.2400303098,20000.0,6,airtime,ChannelId_3,0
CustomerId_2176,3260.0,6714.372643814164,9780.0,3,financial_services,ChannelId_2,0
CustomerId_2178,14478.92,33318.01133511222,361973.0,25,financial_services,ChannelId_3,0
CustomerId_2179,500.0,0.0,1000.0,2,airtime,ChannelId_3,1
CustomerId_2181,1000.0,,1000.0,1,airtime,ChannelId_3,1
CustomerId_2183,2714.285714285714,4914.749424412389,19000.0,7,financial_services,ChannelId_3,1
CustomerId_2184,56.333333333333336,6408.891375789315,338.0,6,financial_services,ChannelId_2,1
CustomerId_2186,1712.454255319149,3244.631261632081,160970.7,94,financial_services,ChannelId_3,0
CustomerId_2187,1229.4594594594594,1537.472575990194,45490.0,37,financial_services,ChannelId_3,0
CustomerId_2188,490.625,808.651600328773,3925.0,8,airtime,ChannelId_3,1
CustomerId_2190,1000.0,,1000.0,1,airtime,ChannelId_3,1
CustomerId_2191,14000.0,10392.304845413264,42000.0,3,airtime,ChannelId_3,1
CustomerId_2192,2500.0,6757.711644237764,10000.0,4,airtime,ChannelId_2,0
CustomerId_2198,100000.0,,100000.0,1,financial_services,ChannelId_3,1
CustomerId_2204,31132.285714285714,56783.167370017574,217926.0,7,financial_services,ChannelId_3,0
CustomerId_2205,14618.75,34680.870988197516,116950.0,8,financial_services,ChannelId_3,0
CustomerId_2206,3166.6666666666665,7626.707459098367,19000.0,6,airtime,ChannelId_2,1
CustomerId_2207,5000.0,,5000.0,1,financial_services,ChannelId_3,1
CustomerId_2211,8777.777777777777,10353.474993664902,79000.0,9,financial_services,ChannelId_3,1
CustomerId_2212,5188.636363636364,5037.28790923444,114150.0,22,financial_services,ChannelId_3,0
CustomerId_2213,4980.229787234042,10899.165832618546,234070.8,47,airtime,ChannelId_3,0
CustomerId_2214,12314.687074829932,62250.326092979056,1810259.0,147,airtime,ChannelId_3,0
CustomerId_2215,60000.0,56568.5424949238,120000.0,2,financial_services,ChannelId_3,1
CustomerId_2216,7911.5084745762715,50463.491870940124,1867116.0,236,airtime,ChannelId_3,0
CustomerId_2217,3846.153846153846,7403.221751892369,50000.0,13,airtime,ChannelId_3,0
CustomerId_2218,2000.0,,2000.0,1,financial_services,ChannelId_3,0
CustomerId_2219,2250.0,5556.527692723217,11250.0,5,airtime,ChannelId_3,1
CustomerId_2221,7483.382352941177,9596.378454068688,508870.0,68,financial_services,ChannelId_3,0
CustomerId_2223,4000.0,8215.838362577491,20000.0,5,airtime,ChannelId_3,0
CustomerId_2224,3311.1111111111113,6765.2502622675465,29800.0,9,financial_services,ChannelId_2,1
CustomerId_2226,10000.0,,10000.0,1,financial_services,ChannelId_3,0
CustomerId_2227,1000.0,,1000.0,1,financial_services,ChannelId_3,1
CustomerId_2230,4375.0,7486.547074371081,140000.0,32,airtime,ChannelId_3,0
CustomerId_2231,4000.0,6745.368781616021,20000.0,5,financial_services,ChannelId_3,0
CustomerId_2232,3166.6666666666665,7626.707459098367,19000.0,6,airtime,ChannelId_2,1
CustomerId_2233,1637.0945945945946,2129.5871668459763,242290.0,148,airtime,ChannelId_3,0
CustomerId_2239,3800.0,6685.805860178712,19000.0,5,financial_services,ChannelId_3,1
CustomerId_2243,4142.857142857143,7425.823667638301,29000.0,7,airtime,ChannelId_3,1
CustomerId_2244,1000.0,,1000.0,1,financial_services,ChannelId_3,0
CustomerId_2245,10000.0,,10000.0,1,movies,ChannelId_3,1
CustomerId_2246,818.0952380952381,1581.3842640156092,17180.0,21,financial_services,ChannelId_2,1
CustomerId_2247,692.1,799.4279467877409,13842.0,20,financial_services,ChannelId_3,1
CustomerId_2250,6250.0,7025.463889106744,50000.0,8,airtime,ChannelId_3,0
CustomerId_2253,529.4117647058823,4028.1260695704323,9000.0,17,airtime,ChannelId_3,1
CustomerId_2254,2000.0,,2000.0,1,financial_services,ChannelId_3,1
CustomerId_2256,1000.0,0.0,2000.0,2,financial_services,ChannelId_3,1
CustomerId_2258,3166.6666666666665,7626.707459098367,19000.0,6,airtime,ChannelId_2,1
CustomerId_2260,5000.0,7071.067811865475,110000.0,22,airtime,ChannelId_3,0
CustomerId_2261,2000.0,0.0,4000.0,2,financial_services,ChannelId_3,0
CustomerId_2262,6272.727272727273,6466.697906828633,69000.0,11,airtime,ChannelId_3,1
CustomerId_2263,1552.5,815.5596238166772,9315.0,6,airtime,ChannelId_3,0
CustomerId_2265,2222.222222222222,4123.947677219541,20000.0,9,airtime,ChannelId_3,1
CustomerId_2266,308679.94155844155,893459.0220826697,23768355.5,77,financial_services,ChannelId_3,0
CustomerId_2267,8285.0625,22238.177669550623,132561.0,16,airtime,ChannelId_3,1
CustomerId_2268,237.5,371.23106012293744,475.0,2,airtime,ChannelId_2,0
CustomerId_2269,3166.6666666666665,7626.707459098367,19000.0,6,airtime,ChannelId_2,1
CustomerId_2272,2625.0,4688.51179556401,21000.0,8,airtime,ChannelId_3,1
CustomerId_2273,9314.235294117647,9206.385824044986,158342.0,17,financial_services,ChannelId_3,0
CustomerId_2275,1000.0,,1000.0,1,financial_services,ChannelId_3,1
CustomerId_2276,661.2328767123288,632.4828614399133,48270.0,73,airtime,ChannelId_3,0
CustomerId_2277,4000.0,6745.368781616021,20000.0,5,financial_services,ChannelId_3,0
CustomerId_2279,5714.285714285715,9516.902257112268,40000.0,7,financial_services,ChannelId_3,0
CustomerId_2280,1000.0,,1000.0,1,airtime,ChannelId_3,1
CustomerId_2281,278.57142857142856,702.1438259936153,1950.0,7,financial_services,ChannelId_3,0
CustomerId_2283,1000.0,,1000.0,1,airtime,ChannelId_3,0
CustomerId_2284,618.6,716.2045797116909,15465.0,25,financial_services,ChannelId_3,0
CustomerId_2286,500.0,,500.0,1,airtime,ChannelId_3,1
CustomerId_2287,10570.454545454546,29761.86909911283,116275.0,11,financial_services,ChannelId_3,1
CustomerId_2288,3878.5714285714284,7115.056353614768,271500.0,70,airtime,ChannelId_3,0
CustomerId_2289,2380.9523809523807,5774.73973851801,50000.0,21,airtime,ChannelId_3,0
CustomerId_2290,4000.0,6558.963332722634,20000.0,5,airtime,ChannelId_3,1
CustomerId_2291,125.0,857.846140050767,500.0,4,airtime,ChannelId_2,1
CustomerId_2292,1019333.3333333334,1542945.6676543516,3058000.0,3,airtime,ChannelId_3,1
CustomerId_2294,1597.3333333333333,2880.762465208192,23960.0,15,financial_services,ChannelId_3,1
CustomerId_2295,1475.0,1330.100246848585,5900.0,4,airtime,ChannelId_3,0
CustomerId_2296,500.0,0.0,2000.0,4,airtime,ChannelId_3,0
CustomerId_2297,1105.2631578947369,2328.3664240575113,21000.0,19,airtime,ChannelId_3,0
CustomerId_2298,6385.333333333333,19374.82888010455,134092.0,21,financial_services,ChannelId_3,1
CustomerId_2299,2857.1428571428573,5778.655305765966,20000.0,7,airtime,ChannelId_3,0
CustomerId_2300,487.5,724.7844507162113,975.0,2,airtime,ChannelId_2,1
CustomerId_2301,3271.7080508474573,9330.598571685257,772123.1,236,financial_services,ChannelId_3,0
CustomerId_2302,5000.0,6511.528238439882,30000.0,6,financial_services,ChannelId_3,0
CustomerId_2303,1188545.4545454546,1896617.5873716013,13074000.0,11,financial_services,ChannelId_3,0
CustomerId_2305,1333.3333333333333,7767.453465154029,4000.0,3,financial_services,ChannelId_2,0
CustomerId_2306,3308.5245901639346,4321.530047743729,201820.0,61,financial_services,ChannelId_3,0
CustomerId_2307,500.0,0.0,2000.0,4,financial_services,ChannelId_3,0
CustomerId_2308,1000.6597222222222,1740.1570589159555,144095.0,144,airtime,ChannelId_3,0
CustomerId_2309,10000.0,,10000.0,1,financial_services,ChannelId_3,0
CustomerId_2310,4444.444444444444,6463.573143221772,40000.0,9,financial_services,ChannelId_3,0
CustomerId_2311,489.2307692307692,1046.6152710719568,6360.0,13,financial_services,ChannelId_3,1
CustomerId_2313,5714.285714285715,6237.368187365718,40000.0,7,financial_services,ChannelId_3,0
CustomerId_2315,4000.0,5916.079783099617,100000.0,25,airtime,ChannelId_3,0
CustomerId_2317,1000.0,,1000.0,1,airtime,ChannelId_3,1
CustomerId_2321,1639.8076923076924,2381.5423493061094,42635.0,26,financial_services,ChannelId_1,0
CustomerId_2322,4000.0,5533.534132902769,20000.0,5,financial_services,ChannelId_3,0
CustomerId_2323,2264.5,3759.9464552243085,31703.0,14,airtime,ChannelId_3,0
CustomerId_2324,3210.4938271604938,12443.266263123709,520100.0,162,financial_services,ChannelId_2,1
CustomerId_2325,66363.63636363637,34719.656470860216,730000.0,11,financial_services,ChannelId_3,0
CustomerId_2326,1991.6666666666667,2418.7419250511202,17925.0,9,financial_services,ChannelId_3,0
CustomerId_2327,2250.0,6601.767440112787,9000.0,4,airtime,ChannelId_2,1
CustomerId_2328,4000.0,6745.368781616021,20000.0,5,airtime,ChannelId_3,0
CustomerId_2329,10849.709677419354,20867.57453434003,336341.0,31,airtime,ChannelId_3,0
CustomerId_2330,4000.0,6745.368781616021,20000.0,5,financial_services,ChannelId_3,0
CustomerId_2332,3319.733333333333,6379.075979511527,49796.0,15,airtime,ChannelId_3,1
CustomerId_2333,1000.0,,1000.0,1,airtime,ChannelId_3,1
CustomerId_2334,2250.0,6601.767440112787,9000.0,4,airtime,ChannelId_2,1
CustomerId_2335,5000.0,,5000.0,1,financial_services,ChannelId_3,1
CustomerId_2336,2250.0,6601.767440112787,9000.0,4,airtime,ChannelId_2,1
CustomerId_2338,5714.285714285715,6237.368187365718,40000.0,7,financial_services,ChannelId_3,0
CustomerId_2340,415.0,862.1774759294052,2490.0,6,financial_services,ChannelId_3,0
CustomerId_2342,500.0,,500.0,1,airtime,ChannelId_3,0
CustomerId_2343,1987.3125,4132.382055951411,127188.0,64,airtime,ChannelId_3,0
CustomerId_2344,24666.666666666668,47961.7903474561,74000.0,3,financial_services,ChannelId_2,1
CustomerId_2345,3166.6666666666665,7626.707459098367,19000.0,6,airtime,ChannelId_2,1
CustomerId_2346,5875.0,5833.630944789017,11750.0,2,data_bundles,ChannelId_3,1
CustomerId_2347,20000.0,,20000.0,1,financial_services,ChannelId_3,0
CustomerId_2348,2570.810810810811,5335.610778521976,95120.0,37,financial_services,ChannelId_3,0
CustomerId_2349,2324.2345041322315,6853.191202244491,1124929.5,484,financial_services,ChannelId_3,0
CustomerId_2352,3333.3333333333335,6088.2400303098,20000.0,6,airtime,ChannelId_3,0
CustomerId_2353,114174.14545454546,171597.52521033565,6279578.0,55,financial_services,ChannelId_3,0
CustomerId_2356,5000.0,,5000.0,1,financial_services,ChannelId_3,1
CustomerId_2357,2000.0,,2000.0,1,airtime,ChannelId_3,1
CustomerId_2359,36666.666666666664,54848.27557301444,110000.0,3,financial_services,ChannelId_3,0
CustomerId_2360,1839.6,2900.552720316135,45990.0,25,financial_services,ChannelId_3,1
CustomerId_2361,1000.0,,1000.0,1,airtime,ChannelId_3,0
CustomerId_2362,237.5,962.0940702446928,950.0,4,financial_services,ChannelId_2,1
CustomerId_2363,5925.925925925926,8700.998731029613,160000.0,27,financial_services,ChannelId_3,0
CustomerId_2365,500.0,,500.0,1,financial_services,ChannelId_3,0
CustomerId_2366,183333.33333333334,8164.965809277261,1100000.0,6,tv,ChannelId_1,1
CustomerId_2368,4444.444444444444,6463.573143221772,40000.0,9,financial_services,ChannelId_3,0
CustomerId_2369,740.0,1089.954127475097,3700.0,5,airtime,ChannelId_3,1
CustomerId_2371,6125.0,5986.592162013854,49000.0,8,financial_services,ChannelId_3,1
CustomerId_2372,5000.0,,5000.0,1,financial_services,ChannelId_3,0
CustomerId_2373,12800.0,19786.10623644784,140800.0,11,airtime,ChannelId_3,0
CustomerId_2374,241.66666666666666,693.1209610642768,1450.0,6,data_bundles,ChannelId_3,0
CustomerId_2375,7333.333333333333,4618.802153517006,22000.0,3,financial_services,ChannelId_3,0
CustomerId_2376,500.0,,500.0,1,financial_services,ChannelId_3,1
CustomerId_2381,580.9090909090909,868.4060633765122,6390.0,11,airtime,ChannelId_3,1
CustomerId_2384,3531.25,5675.633224583844,28250.0,8,financial_services,ChannelId_2,0
CustomerId_2386,26.0,1050.8225349696304,78.0,3,financial_services,ChannelId_2,1
CustomerId_2388,52500.0,67175.14421272202,105000.0,2,financial_services,ChannelId_3,1
CustomerId_2389,1000.0,,1000.0,1,airtime,ChannelId_3,1
CustomerId_2391,4000.0,6745.368781616021,20000.0,5,financial_services,ChannelId_3,0
CustomerId_2393,7561.9047619047615,10189.724048789358,158800.0,21,financial_services,ChannelId_3,0
CustomerId_2396,1625.0,883.8834764831844,3250.0,2,financial_services,ChannelId_3,1
CustomerId_2397,500.0,,500.0,1,airtime,ChannelId_3,1
CustomerId_2398,50000.0,,50000.0,1,financial_services,ChannelId_3,1
CustomerId_2400,5500.0,11237.691679598363,44000.0,8,financial_services,ChannelId_2,1
CustomerId_2401,5475.0,7578.125148691513,76650.0,14,financial_services,ChannelId_3,0
CustomerId_2402,927.3684210526316,1194.5982221151603,17620.0,19,financial_services,ChannelId_3,0
CustomerId_2403,3809.5238095238096,7151.007255058882,80000.0,21,airtime,ChannelId_3,0
CustomerId_2404,1196.0,2282.998028908479,5980.0,5,financial_services,ChannelId_3,1
CustomerId_2405,2000.0,,2000.0,1,financial_services,ChannelId_3,0
CustomerId_2406,846.5909090909091,1459.7842195107012,18625.0,22,airtime,ChannelId_3,0
CustomerId_2407,488.3333333333333,1055.6593516218509,2930.0,6,financial_services,ChannelId_2,1
CustomerId_2408,8428.57142857143,9606.545387688244,59000.0,7,financial_services,ChannelId_3,1
CustomerId_2409,1000.0,,1000.0,1,financial_services,ChannelId_3,1
CustomerId_2414,6470.882352941177,9176.421157426626,220010.0,34,financial_services,ChannelId_3,0
CustomerId_2415,5000.0,,5000.0,1,financial_services,ChannelId_3,0
CustomerId_2416,2009.1929824561403,8161.113919589733,114524.0,57,financial_services,ChannelId_3,1
CustomerId_2417,8283.429032258064,22823.50794827926,1027145.2,124,airtime,ChannelId_3,0
CustomerId_2419,7142.857142857143,9638.5216138731,100000.0,14,financial_services,ChannelId_3,0
CustomerId_2420,383.3333333333333,224.59113177191176,6900.0,18,financial_services,ChannelId_3,1
CustomerId_2422,468.84615384615387,759.4749113865718,6095.0,13,financial_services,ChannelId_3,0
CustomerId_2423,11326.666666666666,18776.584708975523,33980.0,3,airtime,ChannelId_3,0
CustomerId_2424,1367.179487179487,2074.1414821533276,53320.0,39,financial_services,ChannelId_3,0
CustomerId_2425,5142.857142857143,6015.973136002956,180000.0,35,financial_services,ChannelId_3,0
CustomerId_2426,695.8333333333334,870.7606827749325,4175.0,6,airtime,ChannelId_2,1
CustomerId_2427,6346.268656716418,6839.398528362,425200.0,67,airtime,ChannelId_3,0
CustomerId_2428,500.0,0.0,1000.0,2,airtime,ChannelId_3,0
CustomerId_2431,4000.0,6745.368781616021,20000.0,5,financial_services,ChannelId_3,0
CustomerId_2432,26500.0,33234.018715767736,53000.0,2,financial_services,ChannelId_3,1
CustomerId_2433,7333.333333333333,9411.413955600836,220000.0,30,financial_services,ChannelId_3,0
CustomerId_2434,2983.3333333333335,6908.014668967247,17900.0,6,financial_services,ChannelId_2,0
CustomerId_2435,3333.3333333333335,8679.477710861025,40000.0,12,airtime,ChannelId_2,0
CustomerId_2436,2500.0,,2500.0,1,airtime,ChannelId_3,1
CustomerId_2437,3333.3333333333335,7228.131318185992,60000.0,18,airtime,ChannelId_2,1
CustomerId_2438,5444.444444444444,6930.20762876393,49000.0,9,airtime,ChannelId_3,1
CustomerId_2440,3883.3333333333335,6277.7384462878035,34950.0,9,financial_services,ChannelId_3,0
CustomerId_2441,926.9354838709677,1964.3008414443357,28735.0,31,airtime,ChannelId_3,0
CustomerId_2443,237.5,962.0940702446928,950.0,4,airtime,ChannelId_2,1
CustomerId_2444,1000.0,,1000.0,1,airtime,ChannelId_3,1
CustomerId_2445,322613.85454545455,1184937.5072447744,17743762.0,55,financial_services,ChannelId_3,0
CustomerId_2446,3397.1451612903224,5502.02213749941,210623.0,62,financial_services,ChannelId_3,1
CustomerId_2447,1400.0,1799.5225061109961,12600.0,9,financial_services,ChannelId_3,1
CustomerId_2451,1000.0,,1000.0,1,financial_services,ChannelId_3,1
CustomerId_2454,665.3333333333334,866.6179473485803,9980.0,15,financial_services,ChannelId_3,1
CustomerId_2455,25500.0,34648.23227814083,51000.0,2,airtime,ChannelId_3,1
CustomerId_2456,12000.0,,12000.0,1,tv,ChannelId_3,0
CustomerId_2457,2400.7727272727275,2423.36420885194,52817.0,22,financial_services,ChannelId_3,0
CustomerId_2458,500.0,,500.0,1,airtime,ChannelId_3,1
CustomerId_2459,2050.4135338345864,5421.228838790144,818115.0,399,financial_services,ChannelId_3,0
CustomerId_2461,778.5714285714286,410.13934914158835,5450.0,7,financial_services,ChannelId_3,1
CustomerId_2462,4000.0,6745.368781616021,20000.0,5,financial_services,ChannelId_3,0
CustomerId_2463,957.1428571428571,1198.759279223235,6700.0,7,airtime,ChannelId_3,1
CustomerId_2465,1000.0,,1000.0,1,financial_services,ChannelId_3,1
CustomerId_2468,900.0,141.4213562373095,1800.0,2,financial_services,ChannelId_3,1
CustomerId_2469,4285.714285714285,6069.70096802716,120000.0,28,airtime,ChannelId_3,0
CustomerId_2470,10250.0,13788.582233137677,20500.0,2,financial_services,ChannelId_3,1
CustomerId_2471,750.0,353.5533905932738,1500.0,2,airtime,ChannelId_3,0
CustomerId_2474,3636.3636363636365,5869.799439039247,40000.0,11,airtime,ChannelId_3,0
CustomerId_2477,1973.2274193548387,5375.130091062697,611700.5,310,financial_services,ChannelId_3,0
CustomerId_2480,10000.0,,10000.0,1,financial_services,ChannelId_3,0
CustomerId_2481,3333.3333333333335,6088.2400303098,20000.0,6,airtime,ChannelId_3,0
CustomerId_2485,5000.0,,5000.0,1,financial_services,ChannelId_3,0
CustomerId_2488,40000.0,0.0,80000.0,2,financial_services,ChannelId_3,0
CustomerId_2489,10000.0,,10000.0,1,financial_services,ChannelId_3,0
CustomerId_2490,5000.0,,5000.0,1,financial_services,ChannelId_3,0
CustomerId_2491,3661.176470588235,5418.088536112534,311200.0,85,airtime,ChannelId_3,0
CustomerId_2492,3166.6666666666665,7626.707459098367,19000.0,6,airtime,ChannelId_2,1
CustomerId_2493,1000.0,,1000.0,1,airtime,ChannelId_3,0
CustomerId_2494,1300.0,3235.737937472687,3900.0,3,financial_services,ChannelId_2,0
CustomerId_2495,491.6666666666667,842.8621872326856,2950.0,6,financial_services,ChannelId_3,1
CustomerId_2496,15000.0,0.0,30000.0,2,airtime,ChannelId_3,1
CustomerId_2497,140250.0,197636.34534164003,280500.0,2,data_bundles,ChannelId_3,1
CustomerId_2498,2808.3333333333335,2745.981913026134,16850.0,6,financial_services,ChannelId_3,0
CustomerId_2501,14875.0,28612.87172884659,119000.0,8,financial_services,ChannelId_2,0
CustomerId_2503,1500.0,,1500.0,1,airtime,ChannelId_3,1
CustomerId_2504,3333.3333333333335,6088.2400303098,20000.0,6,airtime,ChannelId_3,0
CustomerId_2505,1500.0,1914.854215512676,6000.0,4,tv,ChannelId_3,0
CustomerId_2506,4444.444444444444,6559.556218051475,40000.0,9,financial_services,ChannelId_3,0
CustomerId_2508,4285.714285714285,6157.27926214882,60000.0,14,airtime,ChannelId_3,0
CustomerId_2512,1000.0,,1000.0,1,airtime,ChannelId_3,1
CustomerId_2513,3166.6666666666665,7626.707459098367,19000.0,6,airtime,ChannelId_2,1
CustomerId_2514,559.375,752.5199332908065,8950.0,16,airtime,ChannelId_3,0
CustomerId_2515,1122.5,3152.846116822646,13470.0,12,airtime,ChannelId_3,0
CustomerId_2519,1203.8333333333333,1221.4114809297996,36115.0,30,financial_services,ChannelId_3,0
CustomerId_2520,1717.857142857143,2097.650438618733,24050.0,14,financial_services,ChannelId_3,0
CustomerId_2522,1000.0,,1000.0,1,airtime,ChannelId_3,1
CustomerId_2523,596.0,1142.838571277676,2980.0,5,financial_services,ChannelId_3,1
CustomerId_2525,20000.0,,20000.0,1,financial_services,ChannelId_3,1
CustomerId_2526,1000.0,,1000.0,1,airtime,ChannelId_3,0
CustomerId_2527,796.0,456.1578674099571,3980.0,5,airtime,ChannelId_3,1
CustomerId_2528,2779.007049180328,22872.844886611598,1695194.3,610,financial_services,ChannelId_3,0
CustomerId_2529,2174.6031746031745,4170.904143258129,137000.0,63,airtime,ChannelId_3,0
CustomerId_2530,2000.0,3789.938833759242,24000.0,12,airtime,ChannelId_3,1
CustomerId_2531,1413.577067669173,2774.7502819289566,188005.75,133,financial_services,ChannelId_3,0
CustomerId_2532,10000.0,,10000.0,1,financial_services,ChannelId_3,0
CustomerId_2534,1000.0,,1000.0,1,financial_services,ChannelId_3,1
CustomerId_2535,13935.714285714286,28474.350323995568,195100.0,14,financial_services,ChannelId_3,1
CustomerId_2536,500.0,,500.0,1,airtime,ChannelId_3,0
CustomerId_2537,5035.066666666667,7549.050228497686,75526.0,15,utility_bill,ChannelId_3,0
CustomerId_2538,2250.0,6601.767440112787,9000.0,4,airtime,ChannelId_2,1
CustomerId_2539,5000.0,6000.0,40000.0,8,financial_services,ChannelId_3,0
CustomerId_2541,1000.0,,1000.0,1,financial_services,ChannelId_3,0
CustomerId_2543,2250.0,6601.767440112787,9000.0,4,airtime,ChannelId_2,1
CustomerId_2544,1298.453237410072,1379.4106923989898,180485.0,139,financial_services,ChannelId_3,0
CustomerId_2545,644.4444444444445,1017.1788327417052,5800.0,9,financial_services,ChannelId_3,0
CustomerId_2546,1327.8899082568807,2576.518277096444,144740.0,109,financial_services,ChannelId_3,0
CustomerId_2548,1147.0882352941176,2557.441087536726,39001.0,34,financial_services,ChannelId_3,1
CustomerId_2549,3571.4285714285716,5593.363414414826,25000.0,7,airtime,ChannelId_3,0
CustomerId_2550,4166.666666666667,5886.553758483409,50000.0,12,airtime,ChannelId_3,0
CustomerId_2552,1500.5714285714287,956.0346676320298,10504.0,7,utility_bill,ChannelId_3,1
CustomerId_2554,20690.0,29119.890109682765,103450.0,5,financial_services,ChannelId_3,1
CustomerId_2555,14166.666666666666,23239.693055919077,42500.0,3,airtime,ChannelId_3,1
CustomerId_2556,50000.0,,50000.0,1,financial_services,ChannelId_3,1
CustomerId_2557,750.0,353.5533905932738,1500.0,2,airtime,ChannelId_3,0
CustomerId_2558,500.0,,500.0,1,airtime,ChannelId_3,1
CustomerId_2559,1000.0,,1000.0,1,airtime,ChannelId_3,1
CustomerId_2560,4000.0,6745.368781616021,20000.0,5,financial_services,ChannelId_3,0
CustomerId_2561,40000.0,,40000.0,1,financial_services,ChannelId_3,0
CustomerId_2562,9535.714285714286,24487.424897573157,200250.0,21,financial_services,ChannelId_3,0
CustomerId_2564,4685.714285714285,6062.281790233912,164000.0,35,financial_services,ChannelId_3,0
CustomerId_2565,487.5,1297.674201536477,1950.0,4,financial_services,ChannelId_2,0
CustomerId_2569,569.5,874.3710437921776,5695.0,10,financial_services,ChannelId_3,1
CustomerId_2570,500.0,,500.0,1,airtime,ChannelId_3,1
CustomerId_2571,990.8333333333334,1550.4688929091055,11890.0,12,financial_services,ChannelId_3,0
CustomerId_2572,10000.0,0.0,20000.0,2,airtime,ChannelId_3,0
CustomerId_2574,2069.353448275862,6107.776617608238,120022.5,58,financial_services,ChannelId_3,0
CustomerId_2577,18571.428571428572,16681.89780228,130000.0,7,financial_services,ChannelId_3,1
CustomerId_2579,1000.0,,1000.0,1,airtime,ChannelId_3,0
CustomerId_2580,2444.717777777778,3783.619517980692,22002.46,9,financial_services,ChannelId_3,1
CustomerId_2582,6666.666666666667,9831.92080250175,40000.0,6,airtime,ChannelId_3,1
CustomerId_2584,35642.0,70913.45045899262,142568.0,4,financial_services,ChannelId_2,0
CustomerId_2587,15500.0,13435.028842544403,31000.0,2,financial_services,ChannelId_3,0
CustomerId_2588,2306.302857142857,5428.693513021813,403603.0,175,financial_services,ChannelId_3,1
CustomerId_2589,4117.64705882353,9013.686488759582,70000.0,17,financial_services,ChannelId_2,1
CustomerId_2591,10000.0,,10000.0,1,financial_services,ChannelId_3,1
CustomerId_2592,6666.666666666667,9831.92080250175,40000.0,6,airtime,ChannelId_3,0
CustomerId_2594,351666.6666666667,548482.7557301444,1055000.0,3,airtime,ChannelId_3,0
CustomerId_2595,1896.4430379746836,4261.087936638367,149819.0,79,financial_services,ChannelId_3,1
CustomerId_2596,93.75,821.6789214772399,375.0,4,financial_services,ChannelId_2,1
CustomerId_2597,1600.0,2163.3307652783938,4800.0,3,airtime,ChannelId_3,0
CustomerId_2598,1333.5294117647059,2362.4641298241722,22670.0,17,airtime,ChannelId_3,1
CustomerId_2599,3333.3333333333335,7814.516406449389,20000.0,6,airtime,ChannelId_2,0
CustomerId_2601,1819.1666666666667,2231.947613971966,21830.0,12,financial_services,ChannelId_3,0
CustomerId_2602,484.61538461538464,747.8119793171652,6300.0,13,airtime,ChannelId_3,1
CustomerId_2603,5714.285714285715,9019.795080638101,80000.0,14,financial_services,ChannelId_3,0
CustomerId_2604,3471.698630136986,7678.31310626981,253434.0,73,financial_services,ChannelId_3,0
CustomerId_2605,5454.545454545455,6202.638734661828,60000.0,11,financial_services,ChannelId_3,0
CustomerId_2607,937.2549019607843,1433.0174482419757,143400.0,153,financial_services,ChannelId_3,0
CustomerId_2609,2281.346153846154,9122.097503218227,118630.0,52,airtime,ChannelId_3,1
CustomerId_2612,1288.788439849624,4035.56784873629,685635.45,532,financial_services,ChannelId_3,0
CustomerId_2613,500.0,,500.0,1,financial_services,ChannelId_3,1
CustomerId_2614,5714.285714285715,6237.368187365718,40000.0,7,financial_services,ChannelId_3,0
CustomerId_2615,2263.846153846154,3531.146033187003,29430.0,13,airtime,ChannelId_3,0
CustomerId_2616,376.0,1151.4686274493108,1880.0,5,financial_services,ChannelId_2,0
CustomerId_2617,6000.0,7241.853660800143,60000.0,10,airtime,ChannelId_3,0
CustomerId_2618,3166.6666666666665,7626.707459098367,19000.0,6,airtime,ChannelId_2,1
CustomerId_2619,500.0,,500.0,1,airtime,ChannelId_3,0
CustomerId_2621,2000.0,,2000.0,1,financial_services,ChannelId_3,1
CustomerId_2623,3236.5333333333333,4660.636833656758,48548.0,15,financial_services,ChannelId_3,1
CustomerId_2625,1000.0,,1000.0,1,financial_services,ChannelId_3,1
CustomerId_2626,2000.0,,2000.0,1,financial_services,ChannelId_3,1
CustomerId_2627,4000.0,6745.368781616021,20000.0,5,financial_services,ChannelId_3,0
CustomerId_2628,10000.0,,10000.0,1,financial_services,ChannelId_3,1
CustomerId_2630,31800.0,44144.08227611035,159000.0,5,financial_services,ChannelId_3,1
CustomerId_2631,1000.0,,1000.0,1,financial_services,ChannelId_3,0
CustomerId_2632,997.8333333333334,2024.1961818142192,29935.0,30,financial_services,ChannelId_3,0
CustomerId_2633,2372.5,3971.037108147658,18980.0,8,financial_services,ChannelId_2,1
CustomerId_2634,2125.0,5452.44593431853,8500.0,4,financial_services,ChannelId_2,0
CustomerId_2635,50.0,,50.0,1,financial_services,ChannelId_3,0
CustomerId_2636,82000.0,,82000.0,1,transport,ChannelId_3,0
CustomerId_2637,5571.428571428572,9431.456989902512,39000.0,7,financial_services,ChannelId_3,1
CustomerId_2638,4000.0,6745.368781616021,20000.0,5,financial_services,ChannelId_3,0
CustomerId_2639,982.5,1594.659054469011,5895.0,6,financial_services,ChannelId_2,0
CustomerId_2641,6114.466666666666,8474.81620803661,55030.2,9,financial_services,ChannelId_3,0
CustomerId_2642,542.2142857142857,707.5851993122201,11386.5,21,financial_services,ChannelId_3,0
CustomerId_2643,3904.4824503311256,5392.512587426998,589576.85,151,financial_services,ChannelId_3,0
CustomerId_2644,396.0,321.8764428230877,3960.0,10,airtime,ChannelId_3,0
CustomerId_2645,712.5,1113.6931803688124,1425.0,2,airtime,ChannelId_2,1
CustomerId_2647,871.8245614035088,972.9801077618445,49694.0,57,financial_services,ChannelId_3,0
CustomerId_2649,2665.376044568245,6455.161401215109,956870.0,359,airtime,ChannelId_3,0
CustomerId_2651,1538.0681818181818,4291.46749659285,67675.0,44,financial_services,ChannelId_3,0
CustomerId_2652,1000.0,0.0,2000.0,2,airtime,ChannelId_3,1
CustomerId_2653,6666.666666666667,8891.943919451283,40000.0,6,airtime,ChannelId_3,0
CustomerId_2654,703.6363636363636,697.1158114298187,7740.0,11,financial_services,ChannelId_3,1
CustomerId_2655,1000.0,,1000.0,1,financial_services,ChannelId_3,0
CustomerId_2656,62095.0,133113.02105729553,310475.0,5,financial_services,ChannelId_1,0
CustomerId_2659,1821.1475409836066,2637.1421389834463,111090.0,61,financial_services,ChannelId_3,0
CustomerId_2662,8629.498434782608,23309.06974558761,992392.3200000001,115,financial_services,ChannelId_3,0
CustomerId_2663,710.7142857142857,1077.40594551384,4975.0,7,financial_services,ChannelId_3,0
CustomerId_2664,3333.3333333333335,7176.350047203661,30000.0,9,airtime,ChannelId_3,0
CustomerId_2665,2076.190476190476,5171.90243159176,43600.0,21,financial_services,ChannelId_3,1
CustomerId_2666,2500.0,,2500.0,1,airtime,ChannelId_3,1
CustomerId_2667,24666.666666666668,47961.7903474561,74000.0,3,financial_services,ChannelId_2,1
CustomerId_2668,1117.5,867.1168702468351,4470.0,4,financial_services,ChannelId_3,1
CustomerId_2669,330.0,294.44863728670913,990.0,3,data_bundles,ChannelId_3,1
CustomerId_2670,3333.3333333333335,7262.9195231669755,30000.0,9,airtime,ChannelId_3,0
CustomerId_2671,1682.2,2127.5676722492285,8411.0,5,financial_services,ChannelId_3,0
CustomerId_2672,7240.663461538462,16009.8397538736,188257.25,26,financial_services,ChannelId_3,0
CustomerId_2674,33500.0,28578.838324886474,100500.0,3,financial_services,ChannelId_3,0
CustomerId_2675,349.3137254901961,478.64811668682364,17815.0,51,financial_services,ChannelId_3,0
CustomerId_2676,1286.3636363636363,1608.1031282214678,28300.0,22,airtime,ChannelId_3,0
CustomerId_2677,4000.0,6164.414002968976,40000.0,10,airtime,ChannelId_3,0
CustomerId_2678,1666.6666666666667,5192.943930629973,10000.0,6,airtime,ChannelId_3,0
CustomerId_2679,5000.0,6342.099196813483,50000.0,10,financial_services,ChannelId_3,0
CustomerId_2681,7500.0,6123.724356957945,45000.0,6,airtime,ChannelId_3,0
CustomerId_2682,3333.3333333333335,4749.800633774649,40000.0,12,airtime,ChannelId_3,1
CustomerId_2683,10578.48,13695.190580519746,793386.0,75,airtime,ChannelId_3,0
CustomerId_2684,1000.0,,1000.0,1,financial_services,ChannelId_3,1
CustomerId_2685,5714.285714285715,9019.795080638101,80000.0,14,financial_services,ChannelId_3,1
CustomerId_2686,245.0,959.218431849597,980.0,4,financial_services,ChannelId_2,0
CustomerId_2687,4000.0,6745.368781616021,20000.0,5,financial_services,ChannelId_3,0
CustomerId_2689,5000.0,6075.285253310408,115000.0,23,airtime,ChannelId_3,0
CustomerId_2690,1000.0,,1000.0,1,financial_services,ChannelId_3,1
CustomerId_2691,2380.0,2433.5159748807896,11900.0,5,financial_services,ChannelId_3,0
CustomerId_2693,702.8571428571429,1261.34470950271,4920.0,7,airtime,ChannelId_3,0
CustomerId_2694,1000.0,,1000.0,1,financial_services,ChannelId_3,1
CustomerId_2696,811.7698113207547,1931.8227193728706,215119.0,265,financial_services,ChannelId_3,0
CustomerId_2697,588.5849056603773,1631.5900035755853,31195.0,53,financial_services,ChannelId_3,0
CustomerId_2698,500.0,,500.0,1,financial_services,ChannelId_3,1
CustomerId_2700,1457.142857142857,10633.101952998342,10200.0,7,airtime,ChannelId_3,0
CustomerId_2701,2857.1428571428573,6010.704736432444,60000.0,21,airtime,ChannelId_3,0
CustomerId_2703,500000.0,,500000.0,1,financial_services,ChannelId_3,1
CustomerId_2704,4166.666666666667,5975.796593554388,100000.0,24,airtime,ChannelId_3,0
CustomerId_2705,160000.0,,160000.0,1,ticket,ChannelId_3,1
CustomerId_2706,1113.058064516129,3436.937454774991,172524.0,155,airtime,ChannelId_3,0
CustomerId_2707,1116.225,894.4039742569722,4464.9,4,financial_services,ChannelId_3,1
CustomerId_2708,112.5,856.7136822377319,450.0,4,financial_services,ChannelId_2,0
CustomerId_2709,573.2142857142857,814.1206845492803,8025.0,14,financial_services,ChannelId_3,1
CustomerId_2710,3851.1954022988507,12406.866312012096,670108.0,174,airtime,ChannelId_3,0
CustomerId_2712,500.0,,500.0,1,airtime,ChannelId_3,0
CustomerId_2713,7500.0,3535.5339059327375,15000.0,2,airtime,ChannelId_3,0
CustomerId_2717,1000.0,,1000.0,1,airtime,ChannelId_3,0
CustomerId_2719,500.0,,500.0,1,airtime,ChannelId_3,1
CustomerId_2720,3166.6666666666665,7626.707459098367,19000.0,6,airtime,ChannelId_2,1
CustomerId_2722,9250.0,17442.76354251241,37000.0,4,financial_services,ChannelId_2,1
CustomerId_2723,1222.5,1530.5853999913454,4890.0,4,airtime,ChannelId_2,1
CustomerId_2724,20000.0,,20000.0,1,financial_services,ChannelId_3,1
CustomerId_2727,1415.625,2649.1621120334135,5662.5,4,financial_services,ChannelId_2,0
CustomerId_2728,2134.7723549488055,5268.094458782343,1250976.6,586,financial_services,ChannelId_3,0
CustomerId_2730,10000.0,,10000.0,1,financial_services,ChannelId_3,1
CustomerId_2731,1000000.0,0.0,2000000.0,2,financial_services,ChannelId_3,1
CustomerId_2732,1000.0,,1000.0,1,financial_services,ChannelId_3,1
CustomerId_2733,4444.444444444444,6559.556218051475,40000.0,9,financial_services,ChannelId_3,0
CustomerId_2734,5000.0,9695.359714832657,20000.0,4,financial_services,ChannelId_2,1
CustomerId_2735,730.0,798.1619509848862,12410.0,17,financial_services,ChannelId_3,0
CustomerId_2736,7218.75,11496.457140602677,57750.0,8,financial_services,ChannelId_3,0
CustomerId_2737,3571.4285714285716,7303.4689936125105,50000.0,14,airtime,ChannelId_3,0
CustomerId_2738,2949.090909090909,2778.3103962676055,64880.0,22,financial_services,ChannelId_3,0
CustomerId_2739,5952.360655737705,38432.43594935264,363094.0,61,airtime,ChannelId_3,0
CustomerId_2740,975.0,1844.5866745696717,3900.0,4,financial_services,ChannelId_2,1
CustomerId_2741,1000.0,,1000.0,1,financial_services,ChannelId_3,1
CustomerId_2742,1000.0,,1000.0,1,airtime,ChannelId_3,1
CustomerId_2743,2199.2746987951805,4075.5929180751405,182539.8,83,airtime,ChannelId_3,0
CustomerId_2745,3300.4347826086955,4901.057843383377,75910.0,23,airtime,ChannelId_3,1
CustomerId_2746,3109.375,5769.639467361313,49750.0,16,financial_services,ChannelId_3,0
CustomerId_2747,8818.285714285714,8442.358651727349,123456.0,14,airtime,ChannelId_3,1
CustomerId_2749,2860.5263157894738,7997.805974268617,54350.0,19,financial_services,ChannelId_3,0
CustomerId_2750,2061.3225806451615,3218.2743138427127,63901.0,31,airtime,ChannelId_3,0
CustomerId_2751,290.0,20916.218587498075,580.0,2,airtime,ChannelId_3,1
CustomerId_2753,4810.362068965517,10969.594479380028,279001.0,58,airtime,ChannelId_3,1
CustomerId_2754,500.0,,500.0,1,financial_services,ChannelId_3,1
CustomerId_2756,4615.384615384615,6357.914510519697,60000.0,13,financial_services,ChannelId_3,0
CustomerId_2757,4333.333333333333,6442.049363362563,39000.0,9,financial_services,ChannelId_3,1
CustomerId_2758,6250.0,6943.650748294136,50000.0,8,financial_services,ChannelId_3,0
CustomerId_2759,4000.0,6000.0,24000.0,6,airtime,ChannelId_3,0
CustomerId_2760,3166.6666666666665,7626.707459098367,19000.0,6,airtime,ChannelId_2,1
CustomerId_2761,5714.285714285715,8562.793269221707,40000.0,7,financial_services,ChannelId_3,0
CustomerId_2762,1264.5833333333333,1681.3812751497628,15175.0,12,airtime,ChannelId_3,1
CustomerId_2767,500.0,,500.0,1,airtime,ChannelId_3,1
CustomerId_2769,666.6666666666666,3785.9388972001825,2000.0,3,financial_services,ChannelId_2,1
CustomerId_2771,1000.0,,1000.0,1,financial_services,ChannelId_3,0
CustomerId_2772,1103.8059701492537,1950.836279408071,73955.0,67,financial_services,ChannelId_3,0
CustomerId_2773,1009.4444444444445,3722.060144321786,27255.0,27,financial_services,ChannelId_3,0
CustomerId_2774,2912.8165938864627,11458.17239382292,667035.0,229,financial_services,ChannelId_3,0
CustomerId_2775,6378.571428571428,12155.148820855418,133950.0,21,financial_services,ChannelId_3,0
CustomerId_2776,15933.333333333334,33274.758057866085,239000.0,15,data_bundles,ChannelId_3,1
CustomerId_2777,3333.3333333333335,7814.516406449389,20000.0,6,airtime,ChannelId_2,0
CustomerId_2778,4000.0,6745.368781616021,20000.0,5,financial_services,ChannelId_3,0
CustomerId_2782,3659.574468085106,5203.907063738706,172000.0,47,financial_services,ChannelId_3,0
CustomerId_2783,1660.0,2117.2978061670965,16600.0,10,airtime,ChannelId_3,1
CustomerId_2785,3166.6666666666665,7626.707459098367,19000.0,6,airtime,ChannelId_2,1
CustomerId_2786,1236.3333333333333,2735.280729041659,7418.0,6,financial_services,ChannelId_2,1
CustomerId_2787,696.969696969697,856.1760363984912,23000.0,33,airtime,ChannelId_3,0
CustomerId_2788,20000.0,,20000.0,1,financial_services,ChannelId_3,1
CustomerId_2790,245.0,959.218431849597,980.0,4,financial_services,ChannelId_2,1
CustomerId_2791,2000.0,,2000.0,1,financial_services,ChannelId_3,0
CustomerId_2793,1873.7724719101125,5394.189650211032,166765.75,89,financial_services,ChannelId_3,0
CustomerId_2794,4000.0,6745.368781616021,20000.0,5,financial_services,ChannelId_3,0
CustomerId_2796,1000.0,,1000.0,1,airtime,ChannelId_3,1
CustomerId_2797,9494.708333333334,21173.855122233144,227873.0,24,financial_services,ChannelId_3,0
CustomerId_2798,714.8913043478261,953.5152735072438,32885.0,46,airtime,ChannelId_3,0
CustomerId_2799,475.0,742.4621202458749,950.0,2,airtime,ChannelId_2,1
CustomerId_2800,4444.444444444444,6463.573143221772,40000.0,9,financial_services,ChannelId_3,0
CustomerId_2801,3800.0,6685.805860178712,19000.0,5,financial_services,ChannelId_3,1
CustomerId_2802,2221.734693877551,2105.527584077902,108865.0,49,financial_services,ChannelId_3,0
CustomerId_2803,440.0,1016.021653312566,3960.0,9,financial_services,ChannelId_3,0
CustomerId_2804,10000.0,,10000.0,1,airtime,ChannelId_3,0
CustomerId_2806,47.0,755.27213638529,188.0,4,data_bundles,ChannelId_2,1
CustomerId_2807,4652.206896551724,7058.913703251424,134914.0,29,financial_services,ChannelId_3,1
CustomerId_2808,1014.5833333333334,1546.273318091735,12175.0,12,airtime,ChannelId_2,0
CustomerId_2809,1736.205633802817,3295.085725652123,123270.6,71,financial_services,ChannelId_3,0
CustomerId_2810,64000.0,67026.11431375088,320000.0,5,ticket,ChannelId_3,1
CustomerId_2811,4000.0,,4000.0,1,airtime,ChannelId_3,1
CustomerId_2812,12500.0,3535.5339059327375,25000.0,2,airtime,ChannelId_3,0
CustomerId_2815,602.109375,682.0305843625727,38535.0,64,financial_services,ChannelId_3,0
CustomerId_2816,1045.9262222222221,1879.224143234298,235333.4,225,airtime,ChannelId_3,0
CustomerId_2818,1850.718085106383,2467.007903843521,173967.5,94,financial_services,ChannelId_3,0
CustomerId_2822,9766.666666666666,13282.462479668802,146500.0,15,financial_services,ChannelId_3,0
CustomerId_2824,3166.6666666666665,7626.707459098367,19000.0,6,airtime,ChannelId_2,1
CustomerId_2825,2225.0,3225.2906845740276,8900.0,4,financial_services,ChannelId_2,0
CustomerId_2826,14000.0,,14000.0,1,airtime,ChannelId_3,1
CustomerId_2827,10000.0,,10000.0,1,financial_services,ChannelId_3,0
CustomerId_2828,3611.1111111111113,8297.263112822126,65000.0,18,airtime,ChannelId_2,0
CustomerId_2829,2285.714285714286,5154.748157905347,16000.0,7,financial_services,ChannelId_3,1
CustomerId_2831,3090.909090909091,4013.590548487612,34000.0,11,financial_services,ChannelId_3,1
CustomerId_2832,37500.0,60104.07640085654,75000.0,2,financial_services,ChannelId_2,1
CustomerId_2833,4689.0,7510.888229763508,9378.0,2,financial_services,ChannelId_2,1
CustomerId_2835,40305.555555555555,96573.14081968018,362750.0,9,financial_services,ChannelId_3,0
CustomerId_2836,3947.3684210526317,5183.158455898041,75000.0,19,financial_services,ChannelId_3,0
CustomerId_2838,864.3046808510638,930.3341990845597,40622.32,47,airtime,ChannelId_3,0
CustomerId_2839,725.0,1517.3990905493517,2900.0,4,airtime,ChannelId_2,0
CustomerId_2840,2000.0,,2000.0,1,airtime,ChannelId_3,1
CustomerId_2841,500.0,,500.0,1,airtime,ChannelId_3,0
CustomerId_2843,1665.8333333333333,3054.866336410373,19990.0,12,airtime,ChannelId_3,0
CustomerId_2844,5270.869565217391,6729.4535189740045,121230.0,23,airtime,ChannelId_3,0
CustomerId_2845,5406.383458646616,8630.842784018925,719049.0,133,financial_services,ChannelId_3,0
CustomerId_2846,1782.1301369863013,2887.584885783055,260191.0,146,financial_services,ChannelId_3,0
CustomerId_2847,12125.0,19262.98263509574,48500.0,4,financial_services,ChannelId_2,1
CustomerId_2849,19685.5,22636.351181632206,236226.0,12,financial_services,ChannelId_3,0
CustomerId_2850,1913.5,3762.5585140205553,15308.0,8,financial_services,ChannelId_2,1
CustomerId_2851,800.0,,800.0,1,financial_services,ChannelId_3,1
CustomerId_2852,5089.322314049587,8649.406124329073,615808.0,121,airtime,ChannelId_3,0
CustomerId_2853,950.0,1150.2173707608488,5700.0,6,airtime,ChannelId_2,1
CustomerId_2854,857.6086956521739,1478.561854675944,19725.0,23,financial_services,ChannelId_3,0
CustomerId_2855,6000.0,5696.002496878354,60000.0,10,financial_services,ChannelId_3,0
CustomerId_2857,717.6086956521739,1113.5986406094207,33010.0,46,airtime,ChannelId_3,0
CustomerId_2858,3220.689655172414,5493.966125951583,93400.0,29,airtime,ChannelId_3,0
CustomerId_2859,1340.9844897959183,4060.611508002818,197124.72,147,airtime,ChannelId_3,0
CustomerId_2860,1000.0,0.0,2000.0,2,airtime,ChannelId_3,1
CustomerId_2862,5361.125,4808.466864119304,85778.0,16,financial_services,ChannelId_3,0
CustomerId_2864,3333.3333333333335,5988.878581726855,20000.0,6,airtime,ChannelId_3,0
CustomerId_2865,1000.0,,1000.0,1,financial_services,ChannelId_3,1
CustomerId_2866,1984.1025641025642,2259.0711504704736,77380.0,39,airtime,ChannelId_3,0
CustomerId_2868,507.5,10.606601717798213,1015.0,2,financial_services,ChannelId_3,1
CustomerId_2869,1000.0,,1000.0,1,airtime,ChannelId_3,0
CustomerId_2870,2450.0,3606.2445840513924,4900.0,2,airtime,ChannelId_2,0
CustomerId_2871,1148.125,1229.1526552873734,18370.0,16,financial_services,ChannelId_3,0
CustomerId_2872,3166.6666666666665,7626.707459098367,19000.0,6,airtime,ChannelId_2,1
CustomerId_2874,1000.0,,1000.0,1,airtime,ChannelId_3,0
CustomerId_2875,10000.0,,10000.0,1,financial_services,ChannelId_3,0
CustomerId_2876,4268.270676691729,50183.180157554234,1703040.0,399,airtime,ChannelId_3,0
CustomerId_2877,229352.9411764706,523017.3205994796,3899000.0,17,financial_services,ChannelId_3,0
CustomerId_2878,4444.444444444444,6463.573143221772,40000.0,9,financial_services,ChannelId_3,0
CustomerId_2879,670.0,821.9477770200175,18760.0,28,airtime,ChannelId_3,0
CustomerId_2880,10000.0,,10000.0,1,financial_services,ChannelId_3,1
CustomerId_2881,1237.5,2637.9837629017607,4950.0,4,financial_services,ChannelId_2,0
CustomerId_2883,3974.995121951219,8800.560941267528,325949.6,82,airtime,ChannelId_3,0
CustomerId_2884,452.02777777777777,405.58538798191984,4068.25,9,financial_services,ChannelId_3,0
CustomerId_2885,31833.333333333332,50424.03527419571,95500.0,3,financial_services,ChannelId_3,0
CustomerId_2886,4277.777777777777,5431.991895033757,77000.0,18,financial_services,ChannelId_3,0
CustomerId_2887,1760.0,4109.282175757708,8800.0,5,financial_services,ChannelId_2,0
CustomerId_2888,4000.0,6745.368781616021,20000.0,5,financial_services,ChannelId_3,0
CustomerId_2889,45581.75471698113,34941.36040068014,2415833.0,53,financial_services,ChannelId_3,1
CustomerId_2890,4000.0,6745.368781616021,20000.0,5,financial_services,ChannelId_3,0
CustomerId_2892,5000.0,,5000.0,1,financial_services,ChannelId_3,0
CustomerId_2893,15452.5,29798.454553046875,46357.5,3,financial_services,ChannelId_2,0
CustomerId_2894,27928.571428571428,21003.531885098557,391000.0,14,airtime,ChannelId_3,1
CustomerId_2895,2366.1111111111113,6166.116208973368,63885.0,27,airtime,ChannelId_3,0
CustomerId_2896,16000.0,19798.98987322333,32000.0,2,airtime,ChannelId_3,1
CustomerId_2898,475.0,742.4621202458749,950.0,2,airtime,ChannelId_2,1
CustomerId_2900,2000.0,,2000.0,1,financial_services,ChannelId_3,1
CustomerId_2901,80000.0,0.0,160000.0,2,ticket,ChannelId_1,1
CustomerId_2902,3812.5,8466.049452568377,61000.0,16,airtime,ChannelId_3,0
CustomerId_2904,4833.333333333333,5706.721183540218,29000.0,6,airtime,ChannelId_3,0
CustomerId_2906,1000.0,,1000.0,1,airtime,ChannelId_3,1
CustomerId_2907,1640.75,3014.000347064556,32815.0,20,financial_services,ChannelId_3,0
CustomerId_2908,2098.137931034483,3994.8121958729885,60846.0,29,financial_services,ChannelId_3,1
CustomerId_2909,500.0,,500.0,1,airtime,ChannelId_3,1
CustomerId_2910,586.4285714285714,1404.6491681962032,4105.0,7,financial_services,ChannelId_3,0
CustomerId_2911,771.6164383561644,975.2873740330333,56328.0,73,financial_services,ChannelId_3,0
CustomerId_2912,5000.0,,5000.0,1,airtime,ChannelId_3,0
CustomerId_2913,2078.0,2504.416099612842,51950.0,25,financial_services,ChannelId_3,0
CustomerId_2914,13310.8,17219.593806023546,133108.0,10,financial_services,ChannelId_3,0
CustomerId_2915,14318.8,35789.15074836072,143188.0,10,financial_services,ChannelId_2,0
CustomerId_2917,4904.333333333333,7454.47955834036,176556.0,36,utility_bill,ChannelId_3,0
CustomerId_2918,1228.0,1796.0846305227378,6140.0,5,financial_services,ChannelId_3,0
CustomerId_2919,4000.0,6745.368781616021,20000.0,5,financial_services,ChannelId_3,0
CustomerId_2921,3765.217391304348,5098.984631156943,86600.0,23,financial_services,ChannelId_3,0
CustomerId_2922,4000.0,6745.368781616021,20000.0,5,financial_services,ChannelId_3,0
CustomerId_2923,1628.6666666666667,3634.2952011628618,48860.0,30,financial_services,ChannelId_3,0
CustomerId_2924,500.0,,500.0,1,financial_services,ChannelId_3,1
CustomerId_2925,5000.0,,5000.0,1,financial_services,ChannelId_3,1
CustomerId_2926,1908.0,2839.4688470439914,47700.0,25,airtime,ChannelId_3,0
CustomerId_2927,5000.0,,5000.0,1,utility_bill,ChannelId_3,1
CustomerId_2928,10000.0,,10000.0,1,ticket,ChannelId_1,1
CustomerId_2930,4000.0,6745.368781616021,20000.0,5,financial_services,ChannelId_3,0
CustomerId_2932,1751.3333333333333,1958.520260093166,52540.0,30,airtime,ChannelId_3,0
CustomerId_2933,94933.33333333333,70554.40319018942,1424000.0,15,ticket,ChannelId_3,1
CustomerId_2934,5807.692307692308,6029.436338838197,75500.0,13,airtime,ChannelId_3,0
CustomerId_2935,1055.5555555555557,3989.630656812454,9500.0,9,airtime,ChannelId_3,0
CustomerId_2936,1707.2222222222222,1989.35935758092,30730.0,18,airtime,ChannelId_1,0
CustomerId_2937,700.0,512.3475382979799,4900.0,7,financial_services,ChannelId_3,0
CustomerId_2938,11533.333333333334,17020.771623715144,69200.0,6,financial_services,ChannelId_3,1
CustomerId_2939,12624.307692307691,22643.910102827635,492348.0,39,financial_services,ChannelId_3,0
CustomerId_2940,2920.8333333333335,4021.106718606737,35050.0,12,airtime,ChannelId_3,0
CustomerId_2941,9092.592592592593,17394.250286228005,245500.0,27,airtime,ChannelId_3,0
CustomerId_2943,2991.4615384615386,3683.3505858744343,77778.0,26,airtime,ChannelId_3,0
CustomerId_2944,1000.0,,1000.0,1,airtime,ChannelId_3,0
CustomerId_2945,3880.8333333333335,5956.72646270711,46570.0,12,financial_services,ChannelId_3,1
CustomerId_2946,3133.3333333333335,4292.163401673643,18800.0,6,financial_services,ChannelId_2,1
CustomerId_2947,10000.0,,10000.0,1,financial_services,ChannelId_3,1
CustomerId_2948,2000.0,,2000.0,1,financial_services,ChannelId_3,0
CustomerId_2949,5000.0,0.0,15000.0,3,airtime,ChannelId_3,1
CustomerId_2950,5684.2307692307695,10132.368891773254,73895.0,13,airtime,ChannelId_3,0
CustomerId_2954,40000.0,17320.508075688773,120000.0,3,financial_services,ChannelId_3,0
CustomerId_2955,1121.4285714285713,837.4600203677103,7850.0,7,airtime,ChannelId_3,0
CustomerId_2956,3268.3333333333335,4204.9346442387005,78440.0,24,financial_services,ChannelId_3,1
CustomerId_2957,13004.791666666666,20016.563330487224,312115.0,24,financial_services,ChannelId_3,0
CustomerId_2959,2880.6363636363635,4393.2907022874315,63374.0,22,data_bundles,ChannelId_3,0
CustomerId_2961,789.1463414634146,1036.5235781441638,32355.0,41,airtime,ChannelId_3,0
CustomerId_2962,5216.210526315789,10364.135465788566,99108.0,19,airtime,ChannelId_3,0
CustomerId_2963,2211.9608391608394,6084.371311013704,316310.4,143,airtime,ChannelId_3,0
CustomerId_2965,7625.0,10809.222252978505,61000.0,8,financial_services,ChannelId_3,1
CustomerId_2966,9000.0,,9000.0,1,financial_services,ChannelId_3,0
CustomerId_2968,3333.3333333333335,7814.516406449389,20000.0,6,airtime,ChannelId_2,0
CustomerId_2969,968.75,1803.8587112077264,3875.0,4,financial_services,ChannelId_2,0
CustomerId_2970,1925.0,2659.3195435642197,46200.0,24,financial_services,ChannelId_3,0
CustomerId_2971,4000.0,6745.368781616021,20000.0,5,financial_services,ChannelId_3,0
CustomerId_2972,258.3333333333333,676.156416814926,2325.0,9,financial_services,ChannelId_2,1
CustomerId_2973,2068.5,1933.4645070442848,124110.0,60,financial_services,ChannelId_3,0
CustomerId_2974,1425.0,2227.3863607376247,2850.0,2,airtime,ChannelId_2,1
CustomerId_2975,846.7441860465116,1593.5281624212605,36410.0,43,airtime,ChannelId_3,0
CustomerId_2977,1322.8762886597938,2032.584732027035,128319.0,97,financial_services,ChannelId_3,0
CustomerId_2979,24666.666666666668,47961.7903474561,74000.0,3,financial_services,ChannelId_2,1
CustomerId_2980,4000.0,6745.368781616021,20000.0,5,financial_services,ChannelId_3,0
CustomerId_2981,2804.822619047619,5518.710114884892,235605.1,84,financial_services,ChannelId_3,0
CustomerId_2982,1000.0,,1000.0,1,financial_services,ChannelId_3,1
CustomerId_2983,1500.0,,1500.0,1,airtime,ChannelId_3,1
CustomerId_2984,490.0,721.2489168102785,980.0,2,airtime,ChannelId_2,1
CustomerId_2985,300.0,1539.4804318340653,900.0,3,financial_services,ChannelId_2,0
CustomerId_2986,6659.0,13177.033367326514,79908.0,12,financial_services,ChannelId_2,0
CustomerId_2987,3166.0,8677.162921349141,142470.0,45,airtime,ChannelId_3,0
CustomerId_2988,2000.0,,2000.0,1,airtime,ChannelId_3,1
CustomerId_2989,2000.0,,2000.0,1,data_bundles,ChannelId_3,0
CustomerId_2991,4705.882352941177,6302.427170169769,80000.0,17,financial_services,ChannelId_3,0
CustomerId_2992,2857.1428571428573,5580.578567035604,20000.0,7,airtime,ChannelId_3,0
CustomerId_2993,4269.642857142857,5513.4466618809865,59775.0,14,financial_services,ChannelId_3,0
CustomerId_2994,1682.9545454545455,2766.6528940094267,37025.0,22,airtime,ChannelId_2,0
CustomerId_2995,4000.0,6745.368781616021,20000.0,5,financial_services,ChannelId_3,0
CustomerId_2996,3157.684210526316,5188.849766059608,59996.0,19,airtime,ChannelId_3,0
CustomerId_2997,830.7692307692307,1081.5764847238925,10800.0,13,financial_services,ChannelId_3,1
CustomerId_3000,1328.9855072463768,2883.4208620029663,91700.0,69,airtime,ChannelId_3,0
CustomerId_3001,125.0,750.0,500.0,4,data_bundles,ChannelId_3,1
CustomerId_3002,1320.4411764705883,3441.8109591104967,44895.0,34,airtime,ChannelId_3,0
CustomerId_3003,2809.6666666666665,6507.046308938232,42145.0,15,financial_services,ChannelId_3,0
CustomerId_3004,1000.0,,1000.0,1,financial_services,ChannelId_3,0
CustomerId_3005,212.85714285714286,567.5888854242504,1490.0,7,financial_services,ChannelId_3,1
CustomerId_3007,4493.333333333333,9272.123093804712,26960.0,6,financial_services,ChannelId_2,1
CustomerId_3008,4790.886486486486,10533.492333495804,354525.6,74,airtime,ChannelId_3,0
CustomerId_3009,347.5,390.340088404182,13900.0,40,airtime,ChannelId_3,0
CustomerId_3011,8691.76923076923,13621.98810642778,338979.0,39,financial_services,ChannelId_3,0
CustomerId_3012,3800.0,6685.805860178712,19000.0,5,financial_services,ChannelId_3,0
CustomerId_3013,900.7,2200.5572137575537,45035.0,50,financial_services,ChannelId_3,0
CustomerId_3014,500.0,,500.0,1,airtime,ChannelId_3,1
CustomerId_3016,120000.0,,120000.0,1,financial_services,ChannelId_3,0
CustomerId_3020,330.0,294.44863728670913,990.0,3,financial_services,ChannelId_3,1
CustomerId_3022,7955.6509433962265,15589.048558304952,843299.0,106,airtime,ChannelId_3,0
CustomerId_3026,1750.0,500.0,7000.0,4,financial_services,ChannelId_3,1
CustomerId_3027,50500.0,70003.57133746821,101000.0,2,airtime,ChannelId_3,1
CustomerId_3030,5751.091240875912,25674.826958164438,787899.5,137,financial_services,ChannelId_3,0
CustomerId_3031,493.1818181818182,1003.7934865480867,5425.0,11,financial_services,ChannelId_3,1
CustomerId_3032,500.0,,500.0,1,airtime,ChannelId_3,1
CustomerId_3033,862.5,1256.625299306497,6900.0,8,financial_services,ChannelId_3,0
CustomerId_3034,735.2727272727273,1103.8809428315276,80880.0,110,airtime,ChannelId_3,0
CustomerId_3035,2375.681818181818,6598.104907784195,156795.0,66,financial_services,ChannelId_3,0
CustomerId_3036,1170.3488372093022,2315.060072075895,50325.0,43,financial_services,ChannelId_3,0
CustomerId_3037,50000.0,,50000.0,1,financial_services,ChannelId_3,1
CustomerId_3038,1000.0,0.0,3000.0,3,financial_services,ChannelId_3,0
CustomerId_3040,1750.0,8995.36917900909,7000.0,4,financial_services,ChannelId_2,1
CustomerId_3041,5502.55,22619.00708065869,495229.5,90,financial_services,ChannelId_3,0
CustomerId_3042,5000.0,,5000.0,1,financial_services,ChannelId_3,1
CustomerId_3043,1139.2307692307693,1403.5161888299301,14810.0,13,airtime,ChannelId_3,1
CustomerId_3045,80000.0,0.0,160000.0,2,ticket,ChannelId_3,1
CustomerId_3046,3333.3333333333335,6075.4149378183765,20000.0,6,airtime,ChannelId_3,0
CustomerId_3047,3800.0,6685.805860178712,19000.0,5,financial_services,ChannelId_3,1
CustomerId_3048,1800.2467532467533,3206.5632617289157,138619.0,77,financial_services,ChannelId_3,0
CustomerId_3049,62800.0,68386.40215715402,314000.0,5,ticket,ChannelId_3,1
CustomerId_3050,20000.0,,20000.0,1,financial_services,ChannelId_3,1
CustomerId_3051,4615.384615384615,6357.914510519697,60000.0,13,financial_services,ChannelId_3,0
CustomerId_3052,891.6666666666666,691.7774646561281,10700.0,12,financial_services,ChannelId_3,1
CustomerId_3053,100000.0,,100000.0,1,financial_services,ChannelId_3,0
CustomerId_3054,1030.5263157894738,2307.56840198174,19580.0,19,financial_services,ChannelId_3,0
CustomerId_3057,562.5,678.1013409302687,4500.0,8,financial_services,ChannelId_3,0
CustomerId_3058,2699.285714285714,4914.112088571812,75580.0,28,financial_services,ChannelId_3,1
CustomerId_3061,4285.714285714285,7917.153445609014,60000.0,14,airtime,ChannelId_3,0
CustomerId_3062,500.0,,500.0,1,airtime,ChannelId_3,1
CustomerId_3063,31900.0,41516.93095058395,319000.0,10,ticket,ChannelId_3,1
CustomerId_3064,3478.2608695652175,7549.0490985613615,80000.0,23,airtime,ChannelId_3,0
CustomerId_3066,1828.6209150326797,5212.148702625937,1119116.0,612,airtime,ChannelId_3,0
CustomerId_3067,2000.0,,2000.0,1,airtime,ChannelId_3,0
CustomerId_3068,2099.722222222222,2277.4472759585988,37795.0,18,financial_services,ChannelId_3,1
CustomerId_3069,1000.0,,1000.0,1,airtime,ChannelId_3,1
CustomerId_3072,2500.0,6757.711644237764,10000.0,4,airtime,ChannelId_2,0
CustomerId_3073,893.6363636363636,1634.8594601816558,9830.0,11,financial_services,ChannelId_3,1
CustomerId_3074,4545.454545454545,7129.5980834243965,100000.0,22,airtime,ChannelId_3,0
CustomerId_3075,115000.91304347826,203731.48438437036,5290042.0,46,airtime,ChannelId_3,0
CustomerId_3076,245.0,959.218431849597,980.0,4,financial_services,ChannelId_2,0
CustomerId_3077,5000.0,6735.608439675779,100000.0,20,financial_services,ChannelId_3,0
CustomerId_3078,4255.043630017452,22554.029938690896,2438140.0,573,airtime,ChannelId_3,0
CustomerId_3079,1235.0,1298.5926448054668,9880.0,8,airtime,ChannelId_3,0
CustomerId_3081,11000.0,1414.213562373095,22000.0,2,airtime,ChannelId_3,0
CustomerId_3083,977.7777777777778,1636.5908123839286,26400.0,27,airtime,ChannelId_3,1
CustomerId_3084,3571.4285714285716,7303.4689936125105,50000.0,14,airtime,ChannelId_3,0
CustomerId_3085,4615.384615384615,6423.115307731152,60000.0,13,financial_services,ChannelId_3,0
CustomerId_3087,900.0,0.0,1800.0,2,financial_services,ChannelId_3,1
CustomerId_3088,11957.877777777778,20001.5866240475,1076209.0,90,financial_services,ChannelId_3,0
CustomerId_3089,14795.944444444445,25526.517853060457,266327.0,18,airtime,ChannelId_3,1
CustomerId_3090,501550.0,998968.8233373453,2006200.0,4,airtime,ChannelId_3,1
CustomerId_3091,1610.7541899441342,2939.4302868324803,288325.0,179,airtime,ChannelId_3,0
CustomerId_3092,2059.006097560976,5682.566904166878,168838.5,82,financial_services,ChannelId_3,0
CustomerId_3093,4000.0,6745.368781616021,20000.0,5,financial_services,ChannelId_3,0
CustomerId_3096,1333.3333333333333,763.7626158259734,4000.0,3,airtime,ChannelId_3,0
CustomerId_3097,1350.9615384615386,5821.069792392415,70250.0,52,airtime,ChannelId_3,0
CustomerId_3098,50000.0,,50000.0,1,financial_services,ChannelId_3,1
CustomerId_3102,8638.984771573603,24754.094528033696,1701880.0,197,financial_services,ChannelId_3,0
CustomerId_3103,23117.025974025975,47325.97689679695,1780011.0,77,financial_services,ChannelId_3,0
CustomerId_3104,3788.235294117647,3678.889498364482,64400.0,17,airtime,ChannelId_3,0
CustomerId_3105,801.748743718593,713.068992855282,159548.0,199,financial_services,ChannelId_3,0
CustomerId_3107,10000.0,,10000.0,1,utility_bill,ChannelId_3,1
CustomerId_3109,4000.0,6745.368781616021,20000.0,5,financial_services,ChannelId_3,0
CustomerId_3110,4050.0,7308.790669641016,81000.0,20,airtime,ChannelId_3,0
CustomerId_3111,5030.178571428572,9909.77058871587,563380.0,112,financial_services,ChannelId_3,0
CustomerId_3112,1742.3076923076924,3606.346969100236,45300.0,26,financial_services,ChannelId_3,1
CustomerId_3113,10160.23076923077,11641.91610914233,132083.0,13,financial_services,ChannelId_3,0
CustomerId_3115,487.5,464.15245340297406,2925.0,6,airtime,ChannelId_3,1
CustomerId_3116,584.1176470588235,869.8018501170386,19860.0,34,financial_services,ChannelId_3,0
CustomerId_3117,1000.0,,1000.0,1,financial_services,ChannelId_3,1
CustomerId_3118,500.0,,500.0,1,airtime,ChannelId_3,1
CustomerId_3120,1860.2264150943397,3148.9975550318413,98592.0,53,airtime,ChannelId_3,0
CustomerId_3121,1337.7333333333333,4355.148886068055,100330.0,75,airtime,ChannelId_3,0
CustomerId_3123,784.3684210526316,1494.0899359951882,44709.0,57,airtime,ChannelId_3,0
CustomerId_3124,1784.6516853932585,4221.629236608679,158834.0,89,airtime,ChannelId_3,0
CustomerId_3125,1434.5454545454545,2353.229116071632,15780.0,11,financial_services,ChannelId_3,1
CustomerId_3126,6925.0,15729.250401141759,83100.0,12,airtime,ChannelId_3,1
CustomerId_3127,7500.0,2738.6127875258308,45000.0,6,financial_services,ChannelId_3,0
CustomerId_3128,20000.0,,20000.0,1,financial_services,ChannelId_3,1
CustomerId_3130,2600.0,1979.8989873223331,5200.0,2,financial_services,ChannelId_3,0
CustomerId_3133,30352.0,44428.093814612395,151760.0,5,airtime,ChannelId_3,0
CustomerId_3135,5454.545454545455,8214.665378013111,60000.0,11,financial_services,ChannelId_3,0
CustomerId_3137,4444.444444444444,6463.573143221772,40000.0,9,financial_services,ChannelId_3,0
CustomerId_3138,500.0,,500.0,1,financial_services,ChannelId_3,0
CustomerId_3140,877.5,1783.8803237420282,47385.0,54,airtime,ChannelId_3,1
CustomerId_3141,786.0,853.5103982963535,3930.0,5,financial_services,ChannelId_3,1
CustomerId_3143,1417.142857142857,995.4180744075038,9920.0,7,financial_services,ChannelId_3,0
CustomerId_3145,500.0,,500.0,1,airtime,ChannelId_3,1
CustomerId_3147,3333.3333333333335,6088.2400303098,20000.0,6,airtime,ChannelId_3,0
CustomerId_3148,5000.0,,5000.0,1,financial_services,ChannelId_3,1
CustomerId_3149,1000.0,,1000.0,1,financial_services,ChannelId_3,0
CustomerId_3150,789.8275862068965,1043.474697075198,45810.0,58,financial_services,ChannelId_3,0
CustomerId_3152,1500.0,,1500.0,1,airtime,ChannelId_3,0
CustomerId_3153,1129.5,2115.7522302954094,33885.0,30,airtime,ChannelId_3,0
CustomerId_3156,3674.782608695652,7443.332507300023,84520.0,23,airtime,ChannelId_3,0
CustomerId_3158,1000.0,,1000.0,1,airtime,ChannelId_3,1
CustomerId_3159,2572.5,6304.075212568001,20580.0,8,financial_services,ChannelId_2,0
CustomerId_3160,20000.0,0.0,40000.0,2,financial_services,ChannelId_3,1
CustomerId_3162,1688.5714285714287,2238.209318267832,11820.0,7,financial_services,ChannelId_3,0
CustomerId_3163,2079.4204545454545,4539.882491235102,91494.5,44,airtime,ChannelId_3,0
CustomerId_3164,4200.0,6776.429738438967,105000.0,25,airtime,ChannelId_3,0
CustomerId_3165,5187.263157894737,13221.291817208688,98558.0,19,financial_services,ChannelId_3,0
CustomerId_3166,1000.0,,1000.0,1,airtime,ChannelId_3,1
CustomerId_3168,1210.0,2000.0749985938028,8470.0,7,financial_services,ChannelId_3,1
CustomerId_3169,5625.0,5088.794880257342,22500.0,4,data_bundles,ChannelId_3,1
CustomerId_3170,1000.0,,1000.0,1,airtime,ChannelId_3,1
CustomerId_3171,19386.666666666668,35172.269379915386,58160.0,3,financial_services,ChannelId_2,1
CustomerId_3172,5670.0,7513.783824972677,113400.0,20,airtime,ChannelId_3,0
CustomerId_3174,18455.716666666667,32097.704247835467,221468.6,12,financial_services,ChannelId_3,1
CustomerId_3175,3342.8571428571427,5292.008800338218,23400.0,7,financial_services,ChannelId_3,1
CustomerId_3177,4000.0,6745.368781616021,20000.0,5,financial_services,ChannelId_3,0
CustomerId_3178,62800.0,68386.40215715402,314000.0,5,ticket,ChannelId_3,1
CustomerId_3179,4000.0,6745.368781616021,20000.0,5,financial_services,ChannelId_3,0
CustomerId_3180,2414.185185185185,5962.641302541834,195549.0,81,airtime,ChannelId_3,0
CustomerId_3181,2273.3333333333335,5401.398511714623,40920.0,18,financial_services,ChannelId_3,0
CustomerId_3183,4444.444444444444,6463.573143221772,40000.0,9,financial_services,ChannelId_3,0
CustomerId_3184,5000.0,6511.528238439882,30000.0,6,financial_services,ChannelId_3,0
CustomerId_3187,911.2857142857143,1972.5389520068454,63790.0,70,airtime,ChannelId_3,0
CustomerId_3188,5000.0,,5000.0,1,movies,ChannelId_1,1
CustomerId_3189,9000.0,11313.70849898476,18000.0,2,airtime,ChannelId_3,0
CustomerId_319,62000.0,,62000.0,1,transport,ChannelId_3,0
CustomerId_3190,4705.882352941177,6882.430031410047,160000.0,34,airtime,ChannelId_3,0
CustomerId_3191,4000.0,6745.368781616021,20000.0,5,financial_services,ChannelId_3,0
CustomerId_3192,4411.764705882353,6354.711082431401,75000.0,17,financial_services,ChannelId_3,0
CustomerId_3193,6804.888888888889,12604.995165057031,61244.0,9,financial_services,ChannelId_3,1
CustomerId_3194,10000.0,,10000.0,1,financial_services,ChannelId_3,1
CustomerId_3196,320.90909090909093,663.9006634347422,3530.0,11,financial_services,ChannelId_2,1
CustomerId_3197,80000.0,,80000.0,1,ticket,ChannelId_3,1
CustomerId_3198,8303.40625,18195.648513577005,265709.0,32,financial_services,ChannelId_3,0
CustomerId_320,20000.0,0.0,40000.0,2,financial_services,ChannelId_3,0
CustomerId_3200,5626.409090909091,13783.578239505394,247562.0,44,financial_services,ChannelId_2,0
CustomerId_3201,20000.0,0.0,40000.0,2,utility_bill,ChannelId_3,1
CustomerId_3202,1000.0,,1000.0,1,financial_services,ChannelId_3,0
CustomerId_3203,19750.0,40376.354466444835,79000.0,4,financial_services,ChannelId_2,1
CustomerId_3204,1633.5974178403756,3360.8941668645134,695912.5,426,financial_services,ChannelId_3,0
CustomerId_3205,973.6666666666666,2094.400553418787,29210.0,30,financial_services,ChannelId_2,0
CustomerId_3206,29800.0,45855.20690172491,149000.0,5,financial_services,ChannelId_2,1
CustomerId_3208,7447.5,13632.772770828855,148950.0,20,financial_services,ChannelId_3,0
CustomerId_3209,837.8091397849462,1298.5986193515917,77916.25,93,financial_services,ChannelId_3,0
CustomerId_321,200000.0,,200000.0,1,financial_services,ChannelId_1,1
CustomerId_3210,6250.0,6784.005252999681,75000.0,12,airtime,ChannelId_3,1
CustomerId_3211,3166.6666666666665,7626.707459098367,19000.0,6,airtime,ChannelId_2,1
CustomerId_3212,390.0,900.2777349240622,1950.0,5,financial_services,ChannelId_3,0
CustomerId_3213,2664.915254237288,3052.297457417347,157230.0,59,airtime,ChannelId_3,0
CustomerId_3214,500.0,,500.0,1,financial_services,ChannelId_3,0
CustomerId_3215,2500.0,6757.711644237764,10000.0,4,airtime,ChannelId_2,0
CustomerId_3217,2788.0,3919.6932986594184,27880.0,10,financial_services,ChannelId_3,0
CustomerId_3218,2237.423076923077,12344.628452947609,290865.0,130,financial_services,ChannelId_3,1
CustomerId_3219,5000.0,8982.363672378064,40000.0,8,financial_services,ChannelId_2,1
CustomerId_322,500.0,,500.0,1,airtime,ChannelId_3,1
CustomerId_3220,1568.5714285714287,4757.05591226138,10980.0,7,financial_services,ChannelId_3,1
CustomerId_3221,881.8333333333334,1205.8495955658968,26455.0,30,financial_services,ChannelId_3,0
CustomerId_3222,5793.4,9507.605067223067,86901.0,15,financial_services,ChannelId_3,0
CustomerId_3223,1403.3333333333333,2671.3845575928326,63150.0,45,airtime,ChannelId_3,0
CustomerId_3224,2807.4727272727273,7994.2577158905815,123528.8,44,airtime,ChannelId_3,0
CustomerId_3225,2366.785910652921,4229.210287052554,688734.7,291,financial_services,ChannelId_3,0
CustomerId_3226,3720.0,5742.125042177329,18600.0,5,financial_services,ChannelId_2,0
CustomerId_3229,1326.0,3742.976237048682,13260.0,10,airtime,ChannelId_3,0
CustomerId_323,83000.0,25514.701644346147,747000.0,9,financial_services,ChannelId_3,0
CustomerId_3230,1376.5625,2542.5949466047477,22025.0,16,airtime,ChannelId_3,0
CustomerId_3231,5000.0,,5000.0,1,financial_services,ChannelId_3,1
CustomerId_3232,4692.692307692308,8948.309108286096,61005.0,13,airtime,ChannelId_3,0
CustomerId_3233,3725.6666666666665,9155.881044963602,525319.0,141,financial_services,ChannelId_3,0
CustomerId_3234,333.3333333333333,1154.7005383792516,1000.0,3,financial_services,ChannelId_3,1
CustomerId_3235,882.0243902439024,1288.359406192296,144652.0,164,financial_services,ChannelId_3,0
CustomerId_3236,500.0,,500.0,1,financial_services,ChannelId_3,1
CustomerId_3237,5000.0,0.0,10000.0,2,financial_services,ChannelId_1,0
CustomerId_3238,1376.033108108108,2927.3244903026766,101826.45,74,financial_services,ChannelId_3,0
CustomerId_324,1000.0,,1000.0,1,financial_services,ChannelId_3,1
CustomerId_3240,237.5,962.0940702446928,950.0,4,airtime,ChannelId_2,0
CustomerId_3241,3050.3846153846152,5759.681710026147,118965.0,39,financial_services,ChannelId_3,0
CustomerId_3242,3800.0,6685.805860178712,19000.0,5,financial_services,ChannelId_3,1
CustomerId_3243,2423.7872340425533,5586.163126465755,113918.0,47,airtime,ChannelId_3,0
CustomerId_3245,4000.0,5655.012525774515,100000.0,25,airtime,ChannelId_3,0
CustomerId_3246,1193.6666666666667,2003.6406561027552,14324.0,12,financial_services,ChannelId_2,0
CustomerId_3247,790.0,442.7188724235731,7900.0,10,financial_services,ChannelId_3,0
CustomerId_3248,1000.0,,1000.0,1,financial_services,ChannelId_3,0
CustomerId_3249,4000.0,6745.368781616021,20000.0,5,financial_services,ChannelId_3,0
CustomerId_3250,758.5714285714286,1124.1130957785522,26550.0,35,airtime,ChannelId_3,0
CustomerId_3251,2655.6,4773.254319643989,13278.0,5,financial_services,ChannelId_2,0
CustomerId_3252,7500.0,3535.5339059327375,15000.0,2,airtime,ChannelId_3,0
CustomerId_3253,325.0,303.10889132455355,975.0,3,financial_services,ChannelId_3,1
CustomerId_3254,2000.0,,2000.0,1,financial_services,ChannelId_3,1
CustomerId_3255,7500.0,10155.927192672127,60000.0,8,financial_services,ChannelId_3,0
CustomerId_3256,500.0,,500.0,1,airtime,ChannelId_3,1
CustomerId_3257,5000.0,10076.4411707044,80000.0,16,airtime,ChannelId_3,0
CustomerId_3258,78800.0,81515.02928908264,394000.0,5,ticket,ChannelId_3,1
CustomerId_3259,3545.4545454545455,7501.514998500455,39000.0,11,airtime,ChannelId_3,1
CustomerId_3260,1000.0,,1000.0,1,airtime,ChannelId_3,0
CustomerId_3261,3840.0,6732.235884162112,19200.0,5,financial_services,ChannelId_3,1
CustomerId_3262,745.0,695.751392380928,4470.0,6,airtime,ChannelId_3,1
CustomerId_3263,4615.384615384615,6357.914510519697,60000.0,13,financial_services,ChannelId_3,0
CustomerId_3265,1326.5301857585139,5216.313527019663,428469.25,323,financial_services,ChannelId_3,0
CustomerId_3266,4833.333333333333,6493.586579592719,29000.0,6,financial_services,ChannelId_3,1
CustomerId_3267,3333.3333333333335,5678.241298362042,40000.0,12,airtime,ChannelId_3,0
CustomerId_3269,4000.0,6745.368781616021,20000.0,5,financial_services,ChannelId_3,0
CustomerId_327,500.0,,500.0,1,financial_services,ChannelId_3,1
CustomerId_3270,4460.869565217391,6650.887782874949,102600.0,23,airtime,ChannelId_3,0
CustomerId_3271,10080.0,,10080.0,1,financial_services,ChannelId_3,1
CustomerId_3272,2620.4137931034484,8643.043170737465,75992.0,29,airtime,ChannelId_3,0
CustomerId_3273,125.0,750.0,500.0,4,airtime,ChannelId_3,1
CustomerId_3274,1000.0,,1000.0,1,airtime,ChannelId_3,1
CustomerId_3275,3166.6666666666665,6104.643041707408,19000.0,6,airtime,ChannelId_3,1
CustomerId_3276,522.8846153846154,538.8125525797409,27190.0,52,airtime,ChannelId_3,0
CustomerId_3278,4000.0,6745.368781616021,20000.0,5,financial_services,ChannelId_3,0
CustomerId_3279,23599.0,24328.20390000051,117995.0,5,financial_services,ChannelId_3,1
CustomerId_328,3654.3713235294117,21982.467097933753,248497.25,68,financial_services,ChannelId_3,0
CustomerId_3280,601.6666666666666,745.6987774340699,3610.0,6,airtime,ChannelId_2,1
CustomerId_3282,1000.0,,1000.0,1,airtime,ChannelId_3,1
CustomerId_3285,4444.444444444444,6559.556218051475,40000.0,9,financial_services,ChannelId_3,0
CustomerId_3287,1250.0,3269.174207655505,3750.0,3,financial_services,ChannelId_2,1
CustomerId_3288,4000.0,6745.368781616021,20000.0,5,financial_services,ChannelId_3,0
CustomerId_3289,3500.0,6938.212152909991,119000.0,34,airtime,ChannelId_3,0
CustomerId_329,1440.0,1709.2103439892937,8640.0,6,airtime,ChannelId_2,0
CustomerId_3290,3267.8,5779.0014093170885,32678.0,10,financial_services,ChannelId_2,1
CustomerId_3291,6118.666666666667,12022.905028874398,18356.0,3,financial_services,ChannelId_2,1
CustomerId_3292,1273.032786885246,1924.073213846198,77655.0,61,airtime,ChannelId_3,0
CustomerId_3293,8500.0,4949.747468305833,17000.0,2,financial_services,ChannelId_3,1
CustomerId_3294,3000.0,,3000.0,1,financial_services,ChannelId_3,1
CustomerId_3296,1000.0,,1000.0,1,financial_services,ChannelId_3,1
CustomerId_3297,4444.444444444444,6463.573143221772,40000.0,9,financial_services,ChannelId_3,0
CustomerId_3298,2608.3333333333335,4224.975345095716,15650.0,6,financial_services,ChannelId_2,0
CustomerId_3299,9845.0,22342.882535608514,206745.0,21,airtime,ChannelId_3,0
CustomerId_330,4589.772727272727,6188.192765888293,100975.0,22,financial_services,ChannelId_3,0
CustomerId_3303,4146.333333333333,6700.513462912128,24878.0,6,financial_services,ChannelId_2,1
CustomerId_3306,333.3333333333333,1154.7005383792516,1000.0,3,financial_services,ChannelId_3,1
CustomerId_3307,2619.6666666666665,5060.580983101132,125744.0,48,airtime,ChannelId_3,0
CustomerId_3308,4705.882352941177,6302.427170169769,80000.0,17,financial_services,ChannelId_3,0
CustomerId_3309,30000.0,28284.2712474619,60000.0,2,financial_services,ChannelId_3,0
CustomerId_331,1228.0,3272.3340294047,6140.0,5,financial_services,ChannelId_2,1
CustomerId_3310,777.6744186046511,633.8528716519627,33440.0,43,financial_services,ChannelId_3,0
CustomerId_3311,3166.6666666666665,7626.707459098367,19000.0,6,airtime,ChannelId_2,1
CustomerId_3313,1300.0,3235.737937472687,3900.0,3,financial_services,ChannelId_2,1
CustomerId_3314,500.0,0.0,1000.0,2,financial_services,ChannelId_3,1
CustomerId_3315,23400.0,,23400.0,1,financial_services,ChannelId_3,1
CustomerId_3317,4444.444444444444,6463.573143221772,40000.0,9,financial_services,ChannelId_3,0
CustomerId_3318,1026.0,1044.8200270328325,10260.0,10,financial_services,ChannelId_3,0
CustomerId_332,1000.0,,1000.0,1,financial_services,ChannelId_3,0
CustomerId_3320,4444.444444444444,6463.573143221772,40000.0,9,financial_services,ChannelId_3,0
CustomerId_3321,4000.0,6745.368781616021,20000.0,5,financial_services,ChannelId_3,0
CustomerId_3322,2666.6666666666665,6088.2400303098,16000.0,6,airtime,ChannelId_3,0
CustomerId_3323,8177.894736842105,9167.831331434792,155380.0,19,financial_services,ChannelId_3,0
CustomerId_3326,3333.3333333333335,7814.516406449389,20000.0,6,airtime,ChannelId_2,0
CustomerId_3327,10000.0,,10000.0,1,financial_services,ChannelId_3,1
CustomerId_3328,1096.5,1840.3726363641595,65790.0,60,airtime,ChannelId_3,0
CustomerId_3329,1321.0,3775.3295604917166,42272.0,32,financial_services,ChannelId_3,0
CustomerId_3330,14621.675,57813.16949954016,1754601.0,120,airtime,ChannelId_3,0
CustomerId_3331,8333.333333333334,19731.53144926499,25000.0,3,financial_services,ChannelId_2,1
CustomerId_3332,3014.4545454545455,8315.993210238166,33159.0,11,airtime,ChannelId_3,1
CustomerId_3333,2000.0,,2000.0,1,data_bundles,ChannelId_3,1
CustomerId_3334,710.2307692307693,393.2353311199613,9233.0,13,financial_services,ChannelId_3,1
CustomerId_3336,122.5,854.4150045498967,490.0,4,financial_services,ChannelId_2,0
CustomerId_3339,333.3333333333333,1154.7005383792516,1000.0,3,financial_services,ChannelId_3,1
CustomerId_334,6060.606060606061,9323.087585194731,200000.0,33,financial_services,ChannelId_3,1
CustomerId_3340,3491.076923076923,9054.521802774738,45384.0,13,financial_services,ChannelId_3,0
CustomerId_3343,1000.0,,1000.0,1,financial_services,ChannelId_3,0
CustomerId_3344,4444.444444444444,6463.573143221772,40000.0,9,financial_services,ChannelId_3,0
CustomerId_3345,198.0,758.959814482954,990.0,5,financial_services,ChannelId_3,0
CustomerId_3346,7500.0,12247.44871391589,60000.0,8,airtime,ChannelId_3,0
CustomerId_3347,1500.0,707.1067811865476,3000.0,2,airtime,ChannelId_3,0
CustomerId_3349,2285.6,4765.9097580863,22856.0,10,data_bundles,ChannelId_3,1
CustomerId_335,7532.76179245283,21925.09462835588,798472.75,106,financial_services,ChannelId_3,0
CustomerId_3352,5000.0,6287.241983947006,90000.0,18,financial_services,ChannelId_3,0
CustomerId_3353,926.9689440993789,2567.6175543253134,149242.0,161,financial_services,ChannelId_3,0
CustomerId_3354,2760.0,6854.779354581736,13800.0,5,financial_services,ChannelId_2,0
CustomerId_3355,4000.0,6745.368781616021,20000.0,5,financial_services,ChannelId_3,0
CustomerId_3356,5000.0,,5000.0,1,airtime,ChannelId_3,1
CustomerId_3357,993.3333333333334,1271.3247683682823,5960.0,6,airtime,ChannelId_3,0
CustomerId_336,3636.7567567567567,5583.145794887232,134560.0,37,financial_services,ChannelId_3,0
CustomerId_3360,3166.6666666666665,7626.707459098367,19000.0,6,airtime,ChannelId_2,1
CustomerId_3361,1000.0,0.0,2000.0,2,airtime,ChannelId_3,1
CustomerId_3363,2009.736111111111,2682.5876513069325,72350.5,36,airtime,ChannelId_3,0
CustomerId_3364,2000.0,,2000.0,1,airtime,ChannelId_3,1
CustomerId_3365,4396.0,4398.190537027699,21980.0,5,financial_services,ChannelId_3,0
CustomerId_3366,8185.714285714285,10028.696919578431,57300.0,7,financial_services,ChannelId_3,0
CustomerId_337,27485.714285714286,36288.44759109197,192400.0,7,financial_services,ChannelId_3,1
CustomerId_3371,4186.5006020066885,10716.558736491084,1251763.68,299,financial_services,ChannelId_3,0
CustomerId_3373,2666.6666666666665,5484.744683430966,32000.0,12,airtime,ChannelId_3,1
CustomerId_3374,3460.723404255319,6491.115992331208,325308.0,94,financial_services,ChannelId_3,0
CustomerId_3375,300.0,,300.0,1,airtime,ChannelId_3,1
CustomerId_3376,1000.0,0.0,2000.0,2,financial_services,ChannelId_3,1
CustomerId_3377,390.0,900.2777349240622,1950.0,5,financial_services,ChannelId_3,1
CustomerId_3378,80000.0,,80000.0,1,ticket,ChannelId_1,1
CustomerId_3379,2143.6363636363635,3268.6965547476298,94320.0,44,airtime,ChannelId_3,0
CustomerId_338,27500.0,31819.80515339464,55000.0,2,financial_services,ChannelId_3,1
CustomerId_3380,4000.0,6745.368781616021,20000.0,5,financial_services,ChannelId_3,0
CustomerId_3385,12015.916666666666,8893.301875772755,288382.0,24,financial_services,ChannelId_3,0
CustomerId_3386,488.3333333333333,1055.6593516218509,2930.0,6,financial_services,ChannelId_2,1
CustomerId_3387,2000.0,0.0,8000.0,4,financial_services,ChannelId_3,1
CustomerId_3388,3800.0,6685.805860178712,19000.0,5,financial_services,ChannelId_3,0
CustomerId_3389,1746.875,1746.4691071144841,167700.0,96,financial_services,ChannelId_3,0
CustomerId_3390,788.2758620689655,912.3608049201299,45720.0,58,airtime,ChannelId_3,0
CustomerId_3391,1835.8181818181818,3354.2311339560365,222134.0,121,financial_services,ChannelId_3,0
CustomerId_3392,248.33333333333334,689.9396108839285,1490.0,6,airtime,ChannelId_3,0
CustomerId_3397,1911.4736842105262,3056.8642496741118,36318.0,19,financial_services,ChannelId_2,0
CustomerId_3398,2805.0,2848.7704950264656,44880.0,16,financial_services,ChannelId_3,1
CustomerId_3399,1025.2222222222222,1032.8809860352408,46135.0,45,financial_services,ChannelId_3,0
CustomerId_340,865.5555555555555,953.4032608386536,7790.0,9,airtime,ChannelId_3,1
CustomerId_3400,245.0,360.62445840513925,490.0,2,airtime,ChannelId_2,1
CustomerId_3401,3245.125,8684.338085503889,51922.0,16,financial_services,ChannelId_2,0
CustomerId_3402,1500.0,707.1067811865476,3000.0,2,airtime,ChannelId_3,0
CustomerId_3403,2256.2,4513.484147751047,58661.2,26,financial_services,ChannelId_3,0
CustomerId_3404,1156.6666666666667,2143.5826708262657,6940.0,6,financial_services,ChannelId_2,1
CustomerId_3405,1200.6878306878307,4237.97470232703,226930.0,189,airtime,ChannelId_3,0
CustomerId_3407,2196.923076923077,3767.486749844836,28560.0,13,financial_services,ChannelId_3,1
CustomerId_3408,3166.6666666666665,7626.707459098367,19000.0,6,airtime,ChannelId_2,1
CustomerId_341,6634.911764705882,12639.751254667053,225587.0,34,financial_services,ChannelId_3,0
CustomerId_3410,816.6666666666666,1732.2432469681235,4900.0,6,financial_services,ChannelId_2,1
CustomerId_3412,3166.6666666666665,7626.707459098367,19000.0,6,airtime,ChannelId_2,1
CustomerId_3413,1725.0,1903.0895932666965,10350.0,6,airtime,ChannelId_3,1
CustomerId_3414,1000.0,,1000.0,1,financial_services,ChannelId_3,1
CustomerId_3415,2948.8747346072187,7520.816917150456,1388920.0,471,financial_services,ChannelId_3,0
CustomerId_3416,950.0,1212.4355652982142,3800.0,4,airtime,ChannelId_2,1
CustomerId_3417,3800.0,6685.805860178712,19000.0,5,financial_services,ChannelId_3,1
CustomerId_3418,4000.0,6745.368781616021,20000.0,5,financial_services,ChannelId_3,0
CustomerId_3419,1563.955223880597,3529.2176076585506,104785.0,67,airtime,ChannelId_3,0
CustomerId_3420,2272.7272727272725,5649.96264784803,50000.0,22,airtime,ChannelId_3,0
CustomerId_3421,100000.0,,100000.0,1,financial_services,ChannelId_3,0
CustomerId_3422,1559.3259541984735,2760.753286238204,204271.7,131,financial_services,ChannelId_3,0
CustomerId_3424,500.0,0.0,1000.0,2,airtime,ChannelId_3,1
CustomerId_3425,1000.0,,1000.0,1,financial_services,ChannelId_3,1
CustomerId_3426,2000.0,,2000.0,1,financial_services,ChannelId_3,1
CustomerId_3427,2143.5086206896553,4533.80335680606,248647.0,116,airtime,ChannelId_3,0
CustomerId_3428,2842.8571428571427,190.23794624226838,19900.0,7,financial_services,ChannelId_3,1
CustomerId_343,4444.444444444444,6166.5341798168665,80000.0,18,airtime,ChannelId_3,0
CustomerId_3430,3181.190476190476,6311.973127470107,66805.0,21,financial_services,ChannelId_3,0
CustomerId_3431,1000.0,1065.9502802663922,8000.0,8,airtime,ChannelId_3,0
CustomerId_3432,1115.8741836734694,3679.5983901087043,109355.67,98,financial_services,ChannelId_3,1
CustomerId_3433,1545.9624999999999,2484.1292217337927,37103.1,24,financial_services,ChannelId_3,1
CustomerId_3434,3166.6666666666665,7626.707459098367,19000.0,6,airtime,ChannelId_2,1
CustomerId_3435,4200.0,4415.125517279586,16800.0,4,airtime,ChannelId_3,0
CustomerId_3436,749.1428571428571,1311.6843406566268,5244.0,7,financial_services,ChannelId_3,1
CustomerId_3437,3166.6666666666665,7626.707459098367,19000.0,6,airtime,ChannelId_2,1
CustomerId_3438,1159.5714285714287,1859.3639691431852,40585.0,35,financial_services,ChannelId_3,0
CustomerId_3439,3513.5135135135133,7198.771583562873,130000.0,37,airtime,ChannelId_3,0
CustomerId_3440,879.5454545454545,1216.1276455275781,19350.0,22,airtime,ChannelId_3,0
CustomerId_3441,2285.5714285714284,3965.4798724804564,15999.0,7,financial_services,ChannelId_3,1
CustomerId_3442,1499.6615384615384,2485.054444067999,194956.0,130,financial_services,ChannelId_3,0
CustomerId_3443,660.0,588.8972745734183,1980.0,3,financial_services,ChannelId_3,1
CustomerId_3444,377.2758620689655,824.3697981121147,10941.0,29,financial_services,ChannelId_3,1
CustomerId_3445,490.0,537.8494914673603,26460.0,54,airtime,ChannelId_3,0
CustomerId_3447,1780.6666666666667,2895.3927079643845,37394.0,21,financial_services,ChannelId_3,0
CustomerId_3448,1000.0,,1000.0,1,financial_services,ChannelId_3,1
CustomerId_3449,541.9444444444445,677.8949660288977,9755.0,18,airtime,ChannelId_3,0
CustomerId_345,590.0,436.4630568559039,2950.0,5,financial_services,ChannelId_3,0
CustomerId_3451,4400.0,8480.566018845677,30800.0,7,financial_services,ChannelId_3,0
CustomerId_3452,3840.2923076923075,6555.222211296522,499238.0,130,financial_services,ChannelId_3,0
CustomerId_3453,593.1081081081081,768.8315009655086,21945.0,37,financial_services,ChannelId_3,0
CustomerId_3454,3888.3720930232557,5508.676548749387,334400.0,86,airtime,ChannelId_3,0
CustomerId_3456,1000.0,,1000.0,1,financial_services,ChannelId_3,1
CustomerId_3457,6118.666666666667,12022.905028874398,18356.0,3,financial_services,ChannelId_2,1
CustomerId_3458,1500.0,707.1067811865476,3000.0,2,airtime,ChannelId_3,1
CustomerId_3461,217.27272727272728,522.9309879724266,2390.0,11,airtime,ChannelId_3,0
CustomerId_3462,848.5714285714286,1255.8586514337323,5940.0,7,financial_services,ChannelId_3,1
CustomerId_3463,2964.017094017094,7323.557179289718,346790.0,117,financial_services,ChannelId_3,0
CustomerId_3464,5591.25,6747.6276289093685,111825.0,20,financial_services,ChannelId_3,0
CustomerId_3465,3333.3333333333335,6088.2400303098,20000.0,6,airtime,ChannelId_3,0
CustomerId_3467,23866.48888888889,74476.08396587403,1073992.0,45,airtime,ChannelId_3,0
CustomerId_3468,3076.923076923077,7831.746047583908,80000.0,26,financial_services,ChannelId_2,1
CustomerId_347,1000.0,0.0,6000.0,6,airtime,ChannelId_3,1
CustomerId_3470,748.3333333333334,967.0961689511545,6735.0,9,airtime,ChannelId_3,0
CustomerId_3471,8161.538461538462,10279.74034392219,212200.0,26,financial_services,ChannelId_3,0
CustomerId_3473,4400.0,5116.150896914593,22000.0,5,financial_services,ChannelId_3,1
CustomerId_3474,784.3461538461538,2579.772849740734,40786.0,52,airtime,ChannelId_3,0
CustomerId_3475,6115.428571428572,8794.617214867509,85616.0,14,financial_services,ChannelId_3,0
CustomerId_3476,34392.677777777775,54958.510481962185,619068.2,18,financial_services,ChannelId_3,1
CustomerId_3477,5562.692857142857,7235.215961370336,194694.25,35,financial_services,ChannelId_3,0
CustomerId_3478,735.0,838.0155129829042,4410.0,6,airtime,ChannelId_2,0
CustomerId_3479,490.0,1296.3024338479042,1960.0,4,financial_services,ChannelId_2,0
CustomerId_348,780.0,860.6683449505972,3900.0,5,financial_services,ChannelId_3,1
CustomerId_3482,3545.4545454545455,5424.272050029135,39000.0,11,airtime,ChannelId_3,1
CustomerId_3483,180.0,843.0599029724993,900.0,5,financial_services,ChannelId_2,1
CustomerId_3485,500.0,,500.0,1,financial_services,ChannelId_3,0
CustomerId_3486,1500.0,707.1067811865476,3000.0,2,financial_services,ChannelId_3,0
CustomerId_3487,760.9545454545455,929.7986107918884,83705.0,110,financial_services,ChannelId_3,0
CustomerId_3488,30000.0,,30000.0,1,utility_bill,ChannelId_3,1
CustomerId_3489,4000.0,6745.368781616021,20000.0,5,financial_services,ChannelId_3,0
CustomerId_349,1418.125,2124.46062159135,56725.0,40,airtime,ChannelId_3,0
CustomerId_3490,1000.0,,1000.0,1,financial_services,ChannelId_3,0
CustomerId_3491,2183.0,3100.0181105461766,48026.0,22,financial_services,ChannelId_3,0
CustomerId_3493,2650.0,6097.04846626628,15900.0,6,financial_services,ChannelId_2,0
CustomerId_3494,1892.857142857143,2918.5368154020507,13250.0,7,financial_services,ChannelId_2,0
CustomerId_3495,500.0,0.0,1000.0,2,data_bundles,ChannelId_3,1
CustomerId_3496,2542.194871794872,8425.157180290738,99145.6,39,financial_services,ChannelId_3,0
CustomerId_3497,3943.362068965517,11740.981137008466,228715.0,58,financial_services,ChannelId_3,1
CustomerId_3498,71552.33333333333,62347.399697180634,643971.0,9,financial_services,ChannelId_3,0
CustomerId_350,3888.8888888888887,7028.420363812734,70000.0,18,airtime,ChannelId_3,0
CustomerId_3500,475.0,1304.7988350699889,1900.0,4,airtime,ChannelId_2,1
CustomerId_3501,2395.054054054054,9114.993850725472,708936.0,296,financial_services,ChannelId_3,0
CustomerId_3504,2440.277777777778,2803.946694124563,87850.0,36,airtime,ChannelId_3,0
CustomerId_3505,1500.0,,1500.0,1,financial_services,ChannelId_3,0
CustomerId_3506,1655.0,1955.9812115662053,28135.0,17,financial_services,ChannelId_3,0
CustomerId_3507,577.2727272727273,780.3696676459293,6350.0,11,airtime,ChannelId_3,1
CustomerId_3508,2064.285714285714,2025.7143632108357,28900.0,14,financial_services,ChannelId_3,1
CustomerId_3509,779.8369047619047,2459.921034600638,32753.15,42,financial_services,ChannelId_3,0
CustomerId_351,275.0,14531.044353383551,550.0,2,airtime,ChannelId_3,0
CustomerId_3510,7430.0,3436.538956566621,14860.0,2,financial_services,ChannelId_3,0
CustomerId_3511,2295.531914893617,4548.9029152813255,107890.0,47,financial_services,ChannelId_3,0
CustomerId_3513,645.0,1029.208433700385,3870.0,6,airtime,ChannelId_3,0
CustomerId_3515,2514.498837209302,5367.588912340529,216246.9,86,financial_services,ChannelId_3,0
CustomerId_3516,490.0,721.2489168102785,980.0,2,data_bundles,ChannelId_2,1
CustomerId_3517,3364.285714285714,5881.6346124428455,70650.0,21,airtime,ChannelId_3,0
CustomerId_3519,833.125,1060.3340454986242,19995.0,24,financial_services,ChannelId_3,1
CustomerId_352,3884.3673469387754,7051.483268001957,190334.0,49,airtime,ChannelId_3,0
CustomerId_3520,1000.0,,1000.0,1,financial_services,ChannelId_3,0
CustomerId_3521,772.3333333333334,850.9738167426829,23170.0,30,financial_services,ChannelId_3,1
CustomerId_3523,1000.0,,1000.0,1,airtime,ChannelId_3,1
CustomerId_3524,707.9545454545455,1015.5158605369561,31150.0,44,airtime,ChannelId_3,0
CustomerId_3525,1899.3805309734514,4450.319367188687,214630.0,113,airtime,ChannelId_3,0
CustomerId_3526,2235.0,3385.6765284881476,22350.0,10,financial_services,ChannelId_2,0
CustomerId_3527,4500.0,,4500.0,1,utility_bill,ChannelId_3,1
CustomerId_3528,55000.0,63639.61030678928,110000.0,2,financial_services,ChannelId_3,1
CustomerId_3530,3021.6869918699185,4176.055605432651,371667.5,123,airtime,ChannelId_3,0
CustomerId_3533,1000.0,,1000.0,1,financial_services,ChannelId_3,1
CustomerId_3534,14550.0,38503.80933535451,58200.0,4,airtime,ChannelId_3,1
CustomerId_3535,2708.5102040816328,6526.163945236205,265434.0,98,financial_services,ChannelId_3,0
CustomerId_3536,3333.3333333333335,7814.516406449389,20000.0,6,airtime,ChannelId_2,0
CustomerId_3537,80000.0,,80000.0,1,ticket,ChannelId_3,1
CustomerId_3540,24545.454545454544,26313.9264890804,270000.0,11,utility_bill,ChannelId_3,0
CustomerId_3541,1253.5714285714287,1799.087833588742,17550.0,14,financial_services,ChannelId_3,0
CustomerId_3542,63400.0,67696.38099632801,317000.0,5,ticket,ChannelId_3,1
CustomerId_3543,1983.0428571428572,3582.0280113936915,277626.0,140,airtime,ChannelId_3,0
CustomerId_3545,1133.3333333333333,1965.6211910402947,6800.0,6,financial_services,ChannelId_2,1
CustomerId_3547,5000.0,0.0,10000.0,2,financial_services,ChannelId_1,0
CustomerId_3548,1500.0,4041.4518843273804,6000.0,4,financial_services,ChannelId_2,0
CustomerId_3549,7947.610612244897,17599.990748468736,389432.92,49,financial_services,ChannelId_3,0
CustomerId_355,5571.428571428572,6241.184258807054,39000.0,7,financial_services,ChannelId_3,1
CustomerId_3550,3790.0,8668.990714033554,37900.0,10,financial_services,ChannelId_3,0
CustomerId_3551,2971.2763157894738,5145.392360710746,451634.0,152,airtime,ChannelId_3,0
CustomerId_3554,10000.0,,10000.0,1,financial_services,ChannelId_3,1
CustomerId_3555,2302.448,6158.725574410927,287806.0,125,airtime,ChannelId_3,0
CustomerId_3556,3717.1875,6630.122601102121,118950.0,32,airtime,ChannelId_3,1
CustomerId_3557,2294.1176470588234,3518.073085553243,39000.0,17,airtime,ChannelId_3,1
CustomerId_3558,2000.0,2796.444069138194,46000.0,23,financial_services,ChannelId_3,0
CustomerId_3559,4000.0,6745.368781616021,20000.0,5,financial_services,ChannelId_3,0
CustomerId_356,1542.5,2076.4161305885727,30850.0,20,financial_services,ChannelId_3,0
CustomerId_3561,1069.375,1251.8241581093118,25665.0,24,airtime,ChannelId_3,0
CustomerId_3562,264.2857142857143,411.76883251233505,1850.0,7,financial_services,ChannelId_2,0
CustomerId_3564,3250.0,7889.86691902975,13000.0,4,financial_services,ChannelId_2,1
CustomerId_3566,500.0,,500.0,1,financial_services,ChannelId_3,0
CustomerId_3567,10000.0,,10000.0,1,financial_services,ChannelId_3,0
CustomerId_3569,424.2857142857143,840.6715003070888,2970.0,7,financial_services,ChannelId_3,0
CustomerId_357,3166.6666666666665,6104.643041707408,19000.0,6,airtime,ChannelId_3,1
CustomerId_3570,10250.0,13788.582233137677,20500.0,2,financial_services,ChannelId_3,1
CustomerId_3571,743.0,1300.9487990608154,7430.0,10,financial_services,ChannelId_3,0
CustomerId_3573,4500.0,7778.174593052023,9000.0,2,financial_services,ChannelId_2,1
CustomerId_3574,1000.0,,1000.0,1,airtime,ChannelId_3,1
CustomerId_3575,47560.0,83004.05612579022,1189000.0,25,financial_services,ChannelId_3,1
CustomerId_3577,1000.0,,1000.0,1,airtime,ChannelId_3,0
CustomerId_3578,1320.0,2493.453929792969,6600.0,5,financial_services,ChannelId_2,1
CustomerId_3579,2566.6666666666665,2990.5406423142513,7700.0,3,airtime,ChannelId_3,0
CustomerId_3581,88333.33333333333,130068.77049265619,2650000.0,30,ticket,ChannelId_3,0
CustomerId_3582,966.1594202898551,1352.4167216199694,66665.0,69,financial_services,ChannelId_3,0
CustomerId_3583,3800.0,6685.805860178712,19000.0,5,financial_services,ChannelId_3,1
CustomerId_3589,1000.0,,1000.0,1,airtime,ChannelId_3,1
CustomerId_359,2400.0,4087.9225911349045,24000.0,10,airtime,ChannelId_3,1
CustomerId_3590,7611.609836065574,20575.271165630722,464308.2,61,airtime,ChannelId_3,0
CustomerId_3592,2000.0,0.0,4000.0,2,financial_services,ChannelId_3,0
CustomerId_3593,13000.0,0.0,26000.0,2,utility_bill,ChannelId_3,1
CustomerId_3595,772.6086956521739,3939.925815396787,17770.0,23,financial_services,ChannelId_3,0
CustomerId_3597,2558.4615384615386,3325.9172476869503,66520.0,26,financial_services,ChannelId_3,0
CustomerId_3599,2072.0,1810.3204136284826,31080.0,15,tv,ChannelId_3,0
CustomerId_3600,4794.216216216216,6697.207666479563,354772.0,74,airtime,ChannelId_3,0
CustomerId_3601,8888.888888888889,10373.577546396957,80000.0,9,financial_services,ChannelId_3,0
CustomerId_3602,1237.8043119266056,2502.7460410494496,269841.34,218,financial_services,ChannelId_3,0
CustomerId_3605,3648.6666666666665,5472.628286331929,273650.0,75,airtime,ChannelId_3,0
CustomerId_3608,1534.1263157894737,2155.014254359174,29148.4,19,financial_services,ChannelId_3,1
CustomerId_3609,933.9333333333334,1578.3446963848107,11207.2,12,financial_services,ChannelId_3,1
CustomerId_361,3800.0,6685.805860178712,19000.0,5,financial_services,ChannelId_3,1
CustomerId_3610,2414.1935483870966,6410.139766647604,74840.0,31,airtime,ChannelId_3,0
CustomerId_3611,1412.5172413793102,4209.498889592184,40963.0,29,airtime,ChannelId_3,0
CustomerId_3613,1542.8099576271188,1997.375715409299,364103.15,236,financial_services,ChannelId_3,0
CustomerId_3615,3260.0,6714.372643814164,9780.0,3,financial_services,ChannelId_2,1
CustomerId_3616,1000.0,,1000.0,1,airtime,ChannelId_3,0
CustomerId_3617,7454.833333333333,9691.00653214415,89458.0,12,financial_services,ChannelId_3,1
CustomerId_362,3500.0,3927.9220242478627,28000.0,8,movies,ChannelId_3,1
CustomerId_3621,4000.0,6164.414002968976,40000.0,10,airtime,ChannelId_3,0
CustomerId_3622,3000.0,1732.0508075688772,9000.0,3,airtime,ChannelId_3,0
CustomerId_3624,4000.0,6745.368781616021,20000.0,5,financial_services,ChannelId_1,0
CustomerId_3625,5000.0,7704.358692139331,40000.0,8,airtime,ChannelId_2,0
CustomerId_3626,3571.4285714285716,8741.715073003834,50000.0,14,airtime,ChannelId_2,0
CustomerId_3627,1500.0,,1500.0,1,financial_services,ChannelId_3,1
CustomerId_3628,1117.6470588235295,1005.5814823509127,19000.0,17,financial_services,ChannelId_3,0
CustomerId_3629,11000.0,12727.922061357855,22000.0,2,financial_services,ChannelId_3,1
CustomerId_3630,11000.0,0.0,22000.0,2,financial_services,ChannelId_3,1
CustomerId_3631,4000.0,6745.368781616021,20000.0,5,financial_services,ChannelId_3,0
CustomerId_3632,326.9047619047619,1004.8463019169601,6865.0,21,financial_services,ChannelId_3,0
CustomerId_3633,500.0,,500.0,1,airtime,ChannelId_3,1
CustomerId_3634,1260.8119904076739,5388.206927594541,2628793.0,2085,airtime,ChannelId_3,0
CustomerId_3635,6360.0356363636365,8861.137664952501,349801.96,55,financial_services,ChannelId_3,0
CustomerId_3636,6660.78431372549,9004.889303736554,339700.0,51,financial_services,ChannelId_3,0
CustomerId_3637,696.4285714285714,633.8115121761618,9750.0,14,airtime,ChannelId_3,0
CustomerId_3638,2309.0714792899407,3696.508363264668,780466.16,338,financial_services,ChannelId_3,0
CustomerId_3639,2000.0,,2000.0,1,financial_services,ChannelId_3,1
CustomerId_3641,4444.444444444444,6463.573143221772,40000.0,9,financial_services,ChannelId_3,0
CustomerId_3642,10000.0,11566.61863582727,100000.0,10,airtime,ChannelId_3,0
CustomerId_3643,4000.0,6745.368781616021,20000.0,5,financial_services,ChannelId_3,0
CustomerId_3645,16370.454545454546,37031.69032764677,180075.0,11,financial_services,ChannelId_3,0
CustomerId_3646,24666.666666666668,47961.7903474561,74000.0,3,financial_services,ChannelId_2,1
CustomerId_3647,245.0,360.62445840513925,490.0,2,airtime,ChannelId_2,1
CustomerId_3648,9277.64705882353,17182.499192278377,157720.0,17,financial_services,ChannelId_2,0
CustomerId_3649,10000.0,,10000.0,1,financial_services,ChannelId_3,0
CustomerId_3650,1175.909090909091,2147.032910116828,51740.0,44,airtime,ChannelId_3,0
CustomerId_3651,1591.888888888889,1951.7643869643236,28654.0,18,financial_services,ChannelId_3,0
CustomerId_3653,100000.0,,100000.0,1,airtime,ChannelId_3,1
CustomerId_3654,4285.714285714285,6169.759644097497,60000.0,14,airtime,ChannelId_3,0
CustomerId_3655,2898.1481481481483,3822.5917879376,78250.0,27,airtime,ChannelId_3,0
CustomerId_3656,1967.1774193548388,5099.360324796111,121965.0,62,financial_services,ChannelId_3,0
CustomerId_3658,3036.744680851064,9445.832795167642,142727.0,47,financial_services,ChannelId_3,1
CustomerId_3659,3166.6666666666665,7626.707459098367,19000.0,6,airtime,ChannelId_2,1
CustomerId_366,750.0,1306.8500843085035,6000.0,8,financial_services,ChannelId_2,0
CustomerId_3660,500.0,,500.0,1,financial_services,ChannelId_3,1
CustomerId_3663,15436.363636363636,10479.148126376755,169800.0,11,utility_bill,ChannelId_3,0
CustomerId_3664,1000000.0,,1000000.0,1,financial_services,ChannelId_3,0
CustomerId_3665,5000.0,0.0,10000.0,2,movies,ChannelId_3,1
CustomerId_3666,3333.3333333333335,7814.516406449389,20000.0,6,airtime,ChannelId_2,0
CustomerId_3667,1075.0,2159.5346720995244,6450.0,6,financial_services,ChannelId_2,0
CustomerId_3668,5000.0,6511.528238439882,30000.0,6,financial_services,ChannelId_3,0
CustomerId_3670,6147.384615384615,10220.080442756323,79916.0,13,financial_services,ChannelId_3,0
CustomerId_3671,10000.0,,10000.0,1,financial_services,ChannelId_3,0
CustomerId_3672,949.3490566037735,1936.4220763954029,100631.0,106,airtime,ChannelId_3,0
CustomerId_3673,10000.0,,10000.0,1,financial_services,ChannelId_3,1
CustomerId_3678,2042.5208333333333,5493.825151697957,98041.0,48,financial_services,ChannelId_3,0
CustomerId_368,12500.0,10606.601717798212,25000.0,2,financial_services,ChannelId_3,0
CustomerId_3680,4210.526315789473,5779.193978483131,80000.0,19,financial_services,ChannelId_3,0
CustomerId_3681,5000.0,,5000.0,1,financial_services,ChannelId_3,1
CustomerId_3682,237.5,371.23106012293744,475.0,2,airtime,ChannelId_2,1
CustomerId_3683,494.7916666666667,604.6908645470565,11875.0,24,airtime,ChannelId_2,0
CustomerId_3684,396.0,896.7050797224247,1980.0,5,financial_services,ChannelId_3,0
CustomerId_3685,4000.0,6745.368781616021,20000.0,5,financial_services,ChannelId_3,0
CustomerId_3686,456.6666666666667,433.16663460305125,1370.0,3,airtime,ChannelId_1,1
CustomerId_3687,1500.0,,1500.0,1,airtime,ChannelId_3,0
CustomerId_3688,4800.0,6278.269400612454,120000.0,25,financial_services,ChannelId_3,0
CustomerId_3689,4444.444444444444,6559.556218051475,40000.0,9,financial_services,ChannelId_3,0
CustomerId_369,5000.0,8132.240363721016,80000.0,16,airtime,ChannelId_3,0
CustomerId_3690,10405.375,20076.58801674803,416215.0,40,financial_services,ChannelId_3,0
CustomerId_3691,10000.0,,10000.0,1,financial_services,ChannelId_3,1
CustomerId_3693,490.0,721.2489168102785,980.0,2,airtime,ChannelId_1,0
CustomerId_3694,486.8181818181818,498.3975366042733,42840.0,88,airtime,ChannelId_3,0
CustomerId_3696,1428.5714285714287,534.5224838248488,10000.0,7,airtime,ChannelId_3,1
CustomerId_3697,2751.25,3609.572343089968,22010.0,8,financial_services,ChannelId_3,0
CustomerId_3698,4000.0,6745.368781616021,20000.0,5,financial_services,ChannelId_3,0
CustomerId_3700,5000.0,,5000.0,1,financial_services,ChannelId_3,1
CustomerId_3701,26562.5,49028.79681031003,1062500.0,40,airtime,ChannelId_3,0
CustomerId_3703,4608.152173913043,5578.1469801255735,211975.0,46,financial_services,ChannelId_3,0
CustomerId_3706,2066.0,7717.821600889585,237590.0,115,financial_services,ChannelId_3,0
CustomerId_3707,3428.5714285714284,5476.128485826215,120000.0,35,airtime,ChannelId_3,0
CustomerId_3708,20000.0,,20000.0,1,financial_services,ChannelId_3,1
CustomerId_3711,1153.4814814814815,2157.521373654912,93432.0,81,financial_services,ChannelId_3,0
CustomerId_3712,7391.302564102564,9863.598138276635,288260.8,39,financial_services,ChannelId_3,0
CustomerId_3714,3714.285714285714,6872.997543873796,26000.0,7,airtime,ChannelId_3,0
CustomerId_3715,993.2352941176471,1092.3861027605835,33770.0,34,airtime,ChannelId_3,0
CustomerId_3716,2803.7916666666665,5767.3763455519265,67291.0,24,financial_services,ChannelId_3,0
CustomerId_3717,3710.0,4965.5211206881395,14840.0,4,financial_services,ChannelId_2,0
CustomerId_3719,500.0,,500.0,1,airtime,ChannelId_3,0
CustomerId_3720,729.88,733.4466478934391,36494.0,50,airtime,ChannelId_3,0
CustomerId_3721,1190.625,1726.3547374012753,28575.0,24,financial_services,ChannelId_3,0
CustomerId_3722,2190.0,4444.715963928404,10950.0,5,airtime,ChannelId_3,1
CustomerId_3723,21400.0,26159.12842584783,107000.0,5,financial_services,ChannelId_3,0
CustomerId_3724,80000.0,,80000.0,1,ticket,ChannelId_3,1
CustomerId_3725,1000.0,,1000.0,1,airtime,ChannelId_3,1
CustomerId_3727,5000.0,0.0,25000.0,5,movies,ChannelId_3,1
CustomerId_3729,936.9871794871794,1038.8625709842188,73085.0,78,financial_services,ChannelId_3,0
CustomerId_373,1000.0,,1000.0,1,airtime,ChannelId_3,0
CustomerId_3730,1757.33203125,3149.477382589143,449877.0,256,financial_services,ChannelId_3,0
CustomerId_3732,1333.3333333333333,7767.453465154029,4000.0,3,financial_services,ChannelId_2,0
CustomerId_3733,5000.0,,5000.0,1,airtime,ChannelId_3,1
CustomerId_3734,800.0,282.842712474619,1600.0,2,airtime,ChannelId_3,0
CustomerId_3735,995.0,1512.9111011556495,13930.0,14,financial_services,ChannelId_3,1
CustomerId_3736,3846.153846153846,8060.667402539258,50000.0,13,airtime,ChannelId_3,0
CustomerId_3737,4077.4626865671644,8756.292695400605,273190.0,67,financial_services,ChannelId_3,0
CustomerId_3738,1000.0,1732.0508075688772,3000.0,3,financial_services,ChannelId_3,1
CustomerId_3739,500.0,,500.0,1,airtime,ChannelId_3,1
CustomerId_374,4000.0,6745.368781616021,20000.0,5,financial_services,ChannelId_3,0
CustomerId_3741,500.0,,500.0,1,airtime,ChannelId_3,1
CustomerId_3742,12000.0,,12000.0,1,tv,ChannelId_3,1
CustomerId_3743,1000.0,0.0,2000.0,2,airtime,ChannelId_3,1
CustomerId_3745,1435.4516129032259,2863.3964661884747,44499.0,31,financial_services,ChannelId_3,0
CustomerId_3746,1791.842105263158,3610.188210901013,34045.0,19,airtime,ChannelId_1,0
CustomerId_3749,95000.0,0.0,190000.0,2,financial_services,ChannelId_1,0
CustomerId_3756,3750.0,4596.194077712559,7500.0,2,airtime,ChannelId_3,1
CustomerId_3758,1973.1489361702127,5605.46202563304,92738.0,47,airtime,ChannelId_3,0
CustomerId_3760,2002.2433333333333,3935.282334381623,360403.8,180,financial_services,ChannelId_3,0
CustomerId_3762,30000.0,,30000.0,1,financial_services,ChannelId_3,0
CustomerId_3763,972.3214285714286,1750.2833009538435,27225.0,28,financial_services,ChannelId_3,1
CustomerId_3764,500.0,,500.0,1,financial_services,ChannelId_3,1
CustomerId_3765,4633.891304347826,5565.447115005312,106579.5,23,financial_services,ChannelId_3,0
CustomerId_3766,1472.8837209302326,2828.8020753820942,190002.0,129,airtime,ChannelId_3,0
CustomerId_3767,1341.9055555555553,2500.352954293376,144925.8,108,financial_services,ChannelId_3,0
CustomerId_3768,183055.55555555556,185002.5348704626,3295000.0,18,airtime,ChannelId_3,0
CustomerId_3771,3809.5238095238096,5784.626587940207,80000.0,21,airtime,ChannelId_3,0
CustomerId_3774,4111.111111111111,6047.740354768284,74000.0,18,airtime,ChannelId_3,0
CustomerId_3777,4000.0,6745.368781616021,20000.0,5,financial_services,ChannelId_3,0
CustomerId_3778,2097.7727272727275,3467.305334005181,46151.0,22,airtime,ChannelId_3,0
CustomerId_3779,1222.2222222222222,1578.0191521158558,11000.0,9,airtime,ChannelId_3,0
CustomerId_378,5714.285714285715,9516.902257112266,40000.0,7,financial_services,ChannelId_3,0
CustomerId_3780,2000.0,,2000.0,1,financial_services,ChannelId_3,0
CustomerId_3781,5433.478260869565,9272.614929611294,249940.0,46,airtime,ChannelId_3,0
CustomerId_3782,4444.444444444444,6463.573143221772,40000.0,9,financial_services,ChannelId_3,0
CustomerId_3785,4000.0,6745.368781616021,20000.0,5,financial_services,ChannelId_3,0
CustomerId_3786,2600.0,2190.8902300206646,13000.0,5,airtime,ChannelId_3,0
CustomerId_3787,5448.041666666667,12065.36904957889,130753.0,24,financial_services,ChannelId_3,0
CustomerId_3788,1458.8579545454545,2268.311376267842,128379.5,88,financial_services,ChannelId_3,0
CustomerId_379,1846.0526315789473,3170.28590497738,35075.0,19,airtime,ChannelId_3,0
CustomerId_3790,180.0,843.0599029724993,900.0,5,financial_services,ChannelId_2,0
CustomerId_3793,35000.0,25980.76211353316,105000.0,3,airtime,ChannelId_3,1
CustomerId_3794,2704.6,9296.65708681516,162276.0,60,airtime,ChannelId_3,0
CustomerId_3795,8345.42,27427.285124794384,834542.0,100,financial_services,ChannelId_3,0
CustomerId_3796,500.0,,500.0,1,airtime,ChannelId_3,1
CustomerId_3797,1161.764705882353,1501.4617265106929,19750.0,17,financial_services,ChannelId_3,0
CustomerId_3799,9346.153846153846,18368.83344983269,121500.0,13,financial_services,ChannelId_3,0
CustomerId_3802,3954.5454545454545,5610.325146704802,261000.0,66,airtime,ChannelId_3,0
CustomerId_3803,2664.7659574468084,4331.2625492020525,125244.0,47,financial_services,ChannelId_3,0
CustomerId_3805,396.0,896.7050797224247,1980.0,5,financial_services,ChannelId_3,1
CustomerId_3806,2475.0,2772.5697208804067,19800.0,8,financial_services,ChannelId_3,0
CustomerId_3807,6857.142857142857,4140.393356054125,48000.0,7,airtime,ChannelId_3,0
CustomerId_3808,2845.6046511627906,5542.766049801759,122361.0,43,financial_services,ChannelId_3,0
CustomerId_3809,1798.3183673469389,2766.4022318161324,88117.6,49,financial_services,ChannelId_3,0
CustomerId_381,20138.7,14377.801354480067,201387.0,10,financial_services,ChannelId_3,0
CustomerId_3810,761.1111111111111,1214.4385991523454,6850.0,9,financial_services,ChannelId_3,0
CustomerId_3811,472.3076923076923,4370.170007841331,6140.0,13,financial_services,ChannelId_3,0
CustomerId_3812,4000.0,6745.368781616021,20000.0,5,financial_services,ChannelId_3,0
CustomerId_3815,950.9549056603773,1356.4906780586762,50400.61,53,financial_services,ChannelId_3,0
CustomerId_3816,1000.0,0.0,2000.0,2,financial_services,ChannelId_3,1
CustomerId_3817,1180.7142857142858,1445.5047789385085,16530.0,14,financial_services,ChannelId_3,0
CustomerId_3818,985.3125,1930.389358496577,63060.0,64,airtime,ChannelId_3,0
CustomerId_3819,4818.181818181818,6212.158166926296,159000.0,33,financial_services,ChannelId_3,0
CustomerId_382,1000.0,,1000.0,1,airtime,ChannelId_3,1
CustomerId_3820,1345.485294117647,3690.7279597546653,91493.0,68,financial_services,ChannelId_3,0
CustomerId_3824,3261.5384615384614,3767.6890489039524,42400.0,13,airtime,ChannelId_3,1
CustomerId_3825,1442.4,2749.1638596621933,64908.0,45,financial_services,ChannelId_3,0
CustomerId_3826,95000.0,0.0,190000.0,2,financial_services,ChannelId_1,0
CustomerId_3827,603.5294117647059,936.6623159483078,30780.0,51,airtime,ChannelId_3,0
CustomerId_3828,10000.0,,10000.0,1,financial_services,ChannelId_3,0
CustomerId_3829,2816.6666666666665,3206.5038073681853,16900.0,6,financial_services,ChannelId_3,1
CustomerId_383,2000.0,,2000.0,1,financial_services,ChannelId_3,1
CustomerId_3830,388.0,1145.5653626048581,1940.0,5,financial_services,ChannelId_2,1
CustomerId_3831,2971.7123287671234,5517.810255284075,216935.0,73,financial_services,ChannelId_3,1
CustomerId_3834,1047.027027027027,1245.6053077048855,38740.0,37,financial_services,ChannelId_3,0
CustomerId_3835,753.0555555555555,934.0584105820603,13555.0,18,financial_services,ChannelId_3,0
CustomerId_3836,237.5,962.0940702446928,950.0,4,financial_services,ChannelId_2,1
CustomerId_3838,2653.75,3688.8594346452705,21230.0,8,airtime,ChannelId_3,1
CustomerId_3839,3800.0,6685.805860178712,19000.0,5,financial_services,ChannelId_3,0
CustomerId_384,10000.0,,10000.0,1,financial_services,ChannelId_3,1
CustomerId_3841,396.0,896.7050797224247,1980.0,5,airtime,ChannelId_3,0
CustomerId_3842,24031.881481481483,42910.19976302063,648860.8,27,financial_services,ChannelId_1,0
CustomerId_3843,4000.0,6745.368781616021,20000.0,5,financial_services,ChannelId_3,0
CustomerId_3844,4000.0,6745.368781616021,20000.0,5,financial_services,ChannelId_3,0
CustomerId_3845,1242.265306122449,2660.3940401714162,60871.0,49,airtime,ChannelId_3,0
CustomerId_3846,5000.0,,5000.0,1,financial_services,ChannelId_3,0
CustomerId_3847,4833.333333333333,6493.586579592719,29000.0,6,financial_services,ChannelId_3,1
CustomerId_3848,50500.0,70003.57133746821,101000.0,2,financial_services,ChannelId_3,0
CustomerId_3850,3333.3333333333335,7814.516406449389,20000.0,6,airtime,ChannelId_2,0
CustomerId_3855,4000.0,6745.368781616021,20000.0,5,financial_services,ChannelId_3,0
CustomerId_3856,3723.2105263157896,6109.1189815712505,70741.0,19,financial_services,ChannelId_3,0
CustomerId_3858,2000.0,,2000.0,1,financial_services,ChannelId_3,1
CustomerId_3859,870.0,1335.9952594726276,11310.0,13,airtime,ChannelId_3,1
CustomerId_3860,1000.0,0.0,2000.0,2,airtime,ChannelId_3,1
CustomerId_3862,130.71428571428572,630.293771264827,915.0,7,financial_services,ChannelId_2,0
CustomerId_3863,1000.0,,1000.0,1,airtime,ChannelId_3,1
CustomerId_3864,4545.454545454545,9026.224419585815,50000.0,11,airtime,ChannelId_3,0
CustomerId_3866,5000.0,8880.154438811458,40000.0,8,airtime,ChannelId_3,0
CustomerId_3867,3189.5054945054944,10814.400430784846,870735.0,273,airtime,ChannelId_3,0
CustomerId_3868,447.95454545454544,1093.0349394177108,9855.0,22,financial_services,ChannelId_3,0
CustomerId_3869,10000.0,,10000.0,1,airtime,ChannelId_3,0
CustomerId_3870,6575.0,8372.420161150461,210400.0,32,financial_services,ChannelId_3,0
CustomerId_3871,8333.333333333334,2886.751345948129,25000.0,3,airtime,ChannelId_3,1
CustomerId_3872,9090.90909090909,10212.29205863743,100000.0,11,financial_services,ChannelId_3,0
CustomerId_3873,35605.09090909091,43054.566831997145,391656.0,11,financial_services,ChannelId_3,0
CustomerId_3874,1360.4558139534884,2274.756581566929,58499.6,43,financial_services,ChannelId_3,0
CustomerId_3875,6994.5,7909.959571519752,97923.0,14,financial_services,ChannelId_1,0
CustomerId_3876,1246.4330708661416,3409.446665841721,474891.0,381,financial_services,ChannelId_3,0
CustomerId_3877,7500.0,3535.5339059327375,15000.0,2,financial_services,ChannelId_3,0
CustomerId_3878,3559.0555555555557,5608.044053955989,128126.0,36,financial_services,ChannelId_3,0
CustomerId_3879,15000.0,7071.067811865475,30000.0,2,financial_services,ChannelId_3,1
CustomerId_388,11774.84,27110.005237427256,294371.0,25,airtime,ChannelId_3,0
CustomerId_3880,555.6,3345.807177149733,13890.0,25,airtime,ChannelId_3,1
CustomerId_3882,1518.134328358209,4454.264274723641,406860.0,268,financial_services,ChannelId_3,0
CustomerId_3883,24914.285714285714,41398.97054160601,174400.0,7,financial_services,ChannelId_2,1
CustomerId_3888,500.0,,500.0,1,financial_services,ChannelId_3,0
CustomerId_389,4950.0,6223.681428729766,99000.0,20,airtime,ChannelId_3,1
CustomerId_3890,1473.7413793103449,2199.9667346794836,85477.0,58,financial_services,ChannelId_3,0
CustomerId_3891,3166.6666666666665,6104.643041707408,19000.0,6,airtime,ChannelId_3,1
CustomerId_3892,4000.0,6745.368781616021,20000.0,5,financial_services,ChannelId_3,0
CustomerId_3894,6153.333333333333,13230.546977858978,129220.0,21,financial_services,ChannelId_3,0
CustomerId_3897,3586.206896551724,7203.755178374036,104000.0,29,airtime,ChannelId_3,0
CustomerId_3898,1000.0,,1000.0,1,financial_services,ChannelId_3,1
CustomerId_390,2306.8888888888887,2515.3881442711518,41524.0,18,financial_services,ChannelId_3,0
CustomerId_3900,1374.0,1719.0509456808295,54960.0,40,airtime,ChannelId_3,0
CustomerId_3904,2000.0,,2000.0,1,airtime,ChannelId_3,1
CustomerId_3905,6200.0,7224.956747275377,31000.0,5,financial_services,ChannelId_3,1
CustomerId_3906,4666.666666666667,5598.401557587666,42000.0,9,financial_services,ChannelId_3,0
CustomerId_3907,1000.0,,1000.0,1,financial_services,ChannelId_3,1
CustomerId_3909,4986.909090909091,5423.125029990466,54856.0,11,financial_services,ChannelId_3,0
CustomerId_391,6830.047619047619,14709.002007193385,143431.0,21,financial_services,ChannelId_3,1
CustomerId_3910,4438.4375,6042.753818443828,284060.0,64,airtime,ChannelId_3,0
CustomerId_3911,2750.0,3181.9805153394636,5500.0,2,airtime,ChannelId_3,1
CustomerId_3912,6067.4488,97013.23184145708,2578665.74,425,financial_services,ChannelId_3,0
CustomerId_3913,3171.296296296296,3642.053412935903,85625.0,27,financial_services,ChannelId_3,0
CustomerId_3914,1837.4305555555557,6109.581484079127,132295.0,72,airtime,ChannelId_3,0
CustomerId_3916,50000.0,,50000.0,1,financial_services,ChannelId_3,1
CustomerId_3917,6495.793103448276,22315.28125115182,941890.0,145,financial_services,ChannelId_3,0
CustomerId_3919,3049.6451612903224,5571.885489062548,94539.0,31,financial_services,ChannelId_3,0
CustomerId_392,5714.285714285715,9516.902257112266,40000.0,7,financial_services,ChannelId_3,0
CustomerId_3923,363.75,490.499320420868,1455.0,4,airtime,ChannelId_2,1
CustomerId_3925,2494.8888888888887,3263.9753539374515,22454.0,9,airtime,ChannelId_3,0
CustomerId_3930,1000.0,,1000.0,1,airtime,ChannelId_3,1
CustomerId_3931,1421.875,2107.3611418413448,11375.0,8,financial_services,ChannelId_3,0
CustomerId_3933,500.0,0.0,1500.0,3,financial_services,ChannelId_3,0
CustomerId_3934,1000.0,,1000.0,1,airtime,ChannelId_3,1
CustomerId_3935,15289.1125,34603.0176178764,489251.6,32,financial_services,ChannelId_3,0
CustomerId_3940,5000.0,,5000.0,1,financial_services,ChannelId_3,1
CustomerId_3941,70000.0,112583.30249197703,210000.0,3,airtime,ChannelId_3,1
CustomerId_3942,5000.0,8982.363672378064,40000.0,8,financial_services,ChannelId_2,1
CustomerId_3943,1000.0,,1000.0,1,airtime,ChannelId_3,1
CustomerId_3944,1754.527950310559,5950.263410671401,847437.0,483,financial_services,ChannelId_3,0
CustomerId_3946,2000.0,,2000.0,1,financial_services,ChannelId_3,0
CustomerId_3947,3166.6666666666665,7626.707459098367,19000.0,6,airtime,ChannelId_2,1
CustomerId_3949,500.0,0.0,1000.0,2,airtime,ChannelId_3,1
CustomerId_395,320.0,1532.0574401764445,960.0,3,financial_services,ChannelId_2,0
CustomerId_3951,12948.604938271605,25210.530785605748,1048837.0,81,financial_services,ChannelId_3,0
CustomerId_3952,3686.304347826087,5275.593429998879,169570.0,46,financial_services,ChannelId_3,0
CustomerId_3953,2000.0,,2000.0,1,financial_services,ChannelId_3,1
CustomerId_3954,4000.0,6558.963332722634,20000.0,5,financial_services,ChannelId_3,1
CustomerId_3955,1000.0,,1000.0,1,financial_services,ChannelId_3,0
CustomerId_3956,2000000.0,,2000000.0,1,financial_services,ChannelId_3,1
CustomerId_3957,6226.857142857143,12648.849543702416,348704.0,56,financial_services,ChannelId_3,0
CustomerId_396,4375.0,8429.116205154607,70000.0,16,airtime,ChannelId_3,0
CustomerId_3960,4000.0,6000.0,24000.0,6,airtime,ChannelId_3,1
CustomerId_3961,20000.0,,20000.0,1,financial_services,ChannelId_3,0
CustomerId_3964,2394.1666666666665,4000.7004990792966,50277.5,21,financial_services,ChannelId_3,0
CustomerId_3967,1042.2375,5236.985899573869,20844.75,20,financial_services,ChannelId_3,1
CustomerId_3968,1648.75,2452.2027269958153,13190.0,8,financial_services,ChannelId_3,1
CustomerId_3969,4000.0,6745.368781616021,20000.0,5,financial_services,ChannelId_3,0
CustomerId_397,300.0,526.9803917920792,3900.0,13,financial_services,ChannelId_3,1
CustomerId_3970,1993.859649122807,2746.8382827131354,113650.0,57,financial_services,ChannelId_3,0
CustomerId_3971,4981.818181818182,6511.80745750643,54800.0,11,financial_services,ChannelId_3,0
CustomerId_3973,4000.0,6745.368781616021,20000.0,5,financial_services,ChannelId_3,0
CustomerId_3975,1510.0,3700.0675669506363,7550.0,5,financial_services,ChannelId_2,1
CustomerId_3977,3333.3333333333335,6088.2400303098,20000.0,6,airtime,ChannelId_3,0
CustomerId_3982,4818.181818181818,6212.158166926296,159000.0,33,financial_services,ChannelId_3,0
CustomerId_3984,7505.875,8203.981801736629,240188.0,32,financial_services,ChannelId_3,0
CustomerId_3985,4000.0,6745.368781616021,20000.0,5,financial_services,ChannelId_3,0
CustomerId_3987,4000.0,6745.368781616021,20000.0,5,financial_services,ChannelId_3,0
CustomerId_3988,1773.611111111111,4613.785865895801,31925.0,18,airtime,ChannelId_3,0
CustomerId_3989,956.9608695652174,1400.616023848933,110050.5,115,financial_services,ChannelId_3,0
CustomerId_399,3333.3333333333335,6088.2400303098,20000.0,6,airtime,ChannelId_3,0
CustomerId_3990,1093.2857142857142,1926.967108721692,7653.0,7,financial_services,ChannelId_3,1
CustomerId_3993,4285.714285714285,6244.118111391791,60000.0,14,airtime,ChannelId_3,0
CustomerId_3994,1000.0,0.0,3000.0,3,financial_services,ChannelId_3,1
CustomerId_3995,10000.0,,10000.0,1,financial_services,ChannelId_3,1
CustomerId_3998,475.0,606.2177826491071,1900.0,4,airtime,ChannelId_2,1
CustomerId_400,1000.0,0.0,2000.0,2,financial_services,ChannelId_3,1
CustomerId_4000,4729.48717948718,10015.3989196421,184450.0,39,airtime,ChannelId_3,0
CustomerId_4001,1658.888888888889,3292.690558055997,14930.0,9,financial_services,ChannelId_3,1
CustomerId_4002,1863.75,2623.9443455552614,14910.0,8,airtime,ChannelId_3,0
CustomerId_4003,3333.3333333333335,6088.2400303098,20000.0,6,airtime,ChannelId_3,0
CustomerId_4005,500.0,0.0,1000.0,2,financial_services,ChannelId_3,1
CustomerId_4006,50000.0,,50000.0,1,financial_services,ChannelId_3,1
CustomerId_4007,6790.081081081081,8518.77346537366,251233.0,37,financial_services,ChannelId_3,0
CustomerId_4008,2400.0,5471.517157059822,60000.0,25,airtime,ChannelId_3,1
CustomerId_4009,2000.0,,2000.0,1,airtime,ChannelId_3,1
CustomerId_401,906.3714285714286,813.8876138892446,25378.4,28,financial_services,ChannelId_3,0
CustomerId_4011,6172.631578947368,20570.709936904725,351840.0,57,financial_services,ChannelId_3,0
CustomerId_4012,1000.0,,1000.0,1,airtime,ChannelId_3,1
CustomerId_4013,3500.0,7681.145747868608,14000.0,4,financial_services,ChannelId_2,1
CustomerId_4014,1920.8513513513512,5091.28306585529,284286.0,148,financial_services,ChannelId_3,0
CustomerId_4015,3800.0,6685.805860178712,19000.0,5,financial_services,ChannelId_3,1
CustomerId_4016,3800.0,6685.805860178712,19000.0,5,financial_services,ChannelId_3,0
CustomerId_4017,3046.6666666666665,5982.692208413037,36560.0,12,financial_services,ChannelId_3,1
CustomerId_4019,1314.1818181818182,1556.2674404871248,28912.0,22,financial_services,ChannelId_3,0
CustomerId_402,55846.153846153844,72637.91038872901,726000.0,13,financial_services,ChannelId_3,1
CustomerId_4020,8869.333333333334,16570.43214081435,26608.0,3,financial_services,ChannelId_2,0
CustomerId_4023,1000.0,,1000.0,1,airtime,ChannelId_3,1
CustomerId_4026,200000.0,,200000.0,1,financial_services,ChannelId_3,0
CustomerId_4027,390.0,900.2777349240622,1950.0,5,financial_services,ChannelId_3,1
CustomerId_4029,2536.0,3892.0463769076546,63400.0,25,financial_services,ChannelId_3,0
CustomerId_403,1573.076923076923,3779.673193163052,102250.0,65,financial_services,ChannelId_3,0
CustomerId_4030,3000.0,2828.42712474619,6000.0,2,airtime,ChannelId_3,1
CustomerId_4031,2350.0,4927.5303708405045,23500.0,10,airtime,ChannelId_3,0
CustomerId_4033,2272.9505141388177,10382.687289481062,1768355.5,778,airtime,ChannelId_3,0
CustomerId_4034,548.8888888888889,921.2687507514358,4940.0,9,financial_services,ChannelId_3,1
CustomerId_4035,4444.444444444444,6463.573143221772,40000.0,9,financial_services,ChannelId_3,0
CustomerId_4036,5000.0,6650.9618941659155,90000.0,18,airtime,ChannelId_3,0
CustomerId_4038,1852.08,3092.67761440902,46302.0,25,airtime,ChannelId_3,0
CustomerId_4039,5918.918918918919,5903.757646986735,219000.0,37,airtime,ChannelId_3,0
CustomerId_404,4000.0,6745.368781616021,20000.0,5,financial_services,ChannelId_3,0
CustomerId_4040,4142.857142857143,7425.823667638301,29000.0,7,airtime,ChannelId_3,1
CustomerId_4041,742.5,1286.7872507028615,5940.0,8,financial_services,ChannelId_2,1
CustomerId_4042,24666.666666666668,47961.7903474561,74000.0,3,financial_services,ChannelId_2,1
CustomerId_4043,1389.8526315789475,4090.5665761874266,132036.0,95,financial_services,ChannelId_3,0
CustomerId_4044,4705.882352941177,6302.427170169769,80000.0,17,financial_services,ChannelId_3,0
CustomerId_4045,1000.0,,1000.0,1,airtime,ChannelId_3,1
CustomerId_4046,396.0,896.7050797224247,1980.0,5,financial_services,ChannelId_3,0
CustomerId_4048,4444.444444444444,6463.573143221772,40000.0,9,financial_services,ChannelId_3,0
CustomerId_4049,995.0,1587.2595430939634,14925.0,15,financial_services,ChannelId_3,1
CustomerId_405,1000.0,,1000.0,1,airtime,ChannelId_3,0
CustomerId_4050,5000.0,,5000.0,1,financial_services,ChannelId_3,1
CustomerId_4051,1710.0,2655.7691917785323,35910.0,21,airtime,ChannelId_3,0
CustomerId_4053,3166.6666666666665,7626.707459098367,19000.0,6,airtime,ChannelId_2,1
CustomerId_4055,4484.04255319149,11600.450264794723,210750.0,47,airtime,ChannelId_3,0
CustomerId_4056,4444.444444444444,6463.573143221772,40000.0,9,financial_services,ChannelId_3,0
CustomerId_4058,245.0,959.218431849597,980.0,4,financial_services,ChannelId_2,0
CustomerId_4059,1259.5,814.972562592004,12595.0,10,airtime,ChannelId_1,0
CustomerId_4061,5000.0,6275.716324421889,70000.0,14,financial_services,ChannelId_3,0
CustomerId_4064,666.6666666666666,3785.9388972001825,2000.0,3,financial_services,ChannelId_2,1
CustomerId_4065,5000.0,6429.100507328637,50000.0,10,airtime,ChannelId_3,0
CustomerId_4066,1000.0,0.0,2000.0,2,airtime,ChannelId_3,1
CustomerId_4067,5000.0,6342.099196813483,50000.0,10,airtime,ChannelId_3,0
CustomerId_4068,1000.0,,1000.0,1,airtime,ChannelId_3,1
CustomerId_4069,1194.2727272727273,5597.746963282198,26274.0,22,financial_services,ChannelId_3,1
CustomerId_407,10000.0,,10000.0,1,airtime,ChannelId_3,0
CustomerId_4070,1148.3333333333333,1954.1792821199049,6890.0,6,financial_services,ChannelId_2,1
CustomerId_4072,500.0,,500.0,1,financial_services,ChannelId_3,0
CustomerId_4073,774.0,1299.268620173835,15480.0,20,financial_services,ChannelId_3,0
CustomerId_4074,500.0,,500.0,1,financial_services,ChannelId_3,1
CustomerId_4075,192000.0,267005.61791842506,576000.0,3,airtime,ChannelId_3,1
CustomerId_4077,3333.3333333333335,6088.2400303098,20000.0,6,airtime,ChannelId_3,0
CustomerId_4079,1000.0,,1000.0,1,airtime,ChannelId_3,1
CustomerId_4085,5068.411764705882,7231.318094396964,86163.0,17,financial_services,ChannelId_3,1
CustomerId_4086,5000.0,6985.699678629192,80000.0,16,financial_services,ChannelId_3,0
CustomerId_4087,24666.666666666668,47961.7903474561,74000.0,3,financial_services,ChannelId_2,1
CustomerId_4089,1095.949494949495,2400.8627971820047,108499.0,99,financial_services,ChannelId_3,0
CustomerId_4090,4705.882352941177,6302.427170169769,80000.0,17,financial_services,ChannelId_3,0
CustomerId_4092,4000.0,6745.368781616021,20000.0,5,financial_services,ChannelId_3,0
CustomerId_4095,4432.857142857143,8773.752314165797,62060.0,14,airtime,ChannelId_3,1
CustomerId_4097,1440.7313432835822,2494.0100518745303,96529.0,67,financial_services,ChannelId_3,1
CustomerId_4098,237.5,371.23106012293744,475.0,2,airtime,ChannelId_2,1
CustomerId_4101,5000.0,,5000.0,1,financial_services,ChannelId_3,0
CustomerId_4102,2456.0,7986.496603642927,12280.0,5,financial_services,ChannelId_2,1
CustomerId_4103,1000.0,0.0,2000.0,2,airtime,ChannelId_1,1
CustomerId_4104,10000.0,,10000.0,1,financial_services,ChannelId_3,0
CustomerId_4106,4000.0,6745.368781616021,20000.0,5,financial_services,ChannelId_3,0
CustomerId_4107,1200.0,282.842712474619,2400.0,2,airtime,ChannelId_3,1
CustomerId_4108,2000.0,0.0,4000.0,2,airtime,ChannelId_3,1
CustomerId_4109,1439.4024390243903,2411.975101497506,59015.5,41,financial_services,ChannelId_3,0
CustomerId_411,13583.333333333334,1772.4747294860558,81500.0,6,financial_services,ChannelId_3,1
CustomerId_4112,404200.0,543900.9100930059,2021000.0,5,financial_services,ChannelId_3,1
CustomerId_4113,3152.769230769231,6959.2988548134135,122958.0,39,financial_services,ChannelId_3,0
CustomerId_4115,1089.6153846153845,1875.7191682632144,56660.0,52,airtime,ChannelId_3,1
CustomerId_4117,5000.0,,5000.0,1,financial_services,ChannelId_3,1
CustomerId_4118,3800.0,6685.805860178712,19000.0,5,financial_services,ChannelId_3,1
CustomerId_4119,740.0,1625.4025142509572,7400.0,10,financial_services,ChannelId_2,1
CustomerId_412,1607.7777777777778,1704.8150763189667,14470.0,9,financial_services,ChannelId_3,0
CustomerId_4120,3181.818181818182,6099.776448958824,70000.0,22,airtime,ChannelId_3,0
CustomerId_4123,1650.7142857142858,1990.834055890957,11555.0,7,financial_services,ChannelId_3,1
CustomerId_4124,3808.6111111111113,11323.66955989035,137110.0,36,financial_services,ChannelId_3,0
CustomerId_4125,6690.916666666667,28949.71451941538,401455.0,60,financial_services,ChannelId_3,0
CustomerId_4127,3466.6666666666665,5982.195806446549,20800.0,6,airtime,ChannelId_3,1
CustomerId_4128,800000.0,,800000.0,1,financial_services,ChannelId_3,1
CustomerId_4130,380.0,1094.074951728628,1900.0,5,financial_services,ChannelId_3,0
CustomerId_4131,7078.25,11618.757317182772,127408.5,18,financial_services,ChannelId_3,0
CustomerId_4132,2251.775,4405.473037360618,180142.0,80,financial_services,ChannelId_3,0
CustomerId_4133,10000.0,0.0,20000.0,2,financial_services,ChannelId_3,1
CustomerId_4134,700000.0,,700000.0,1,financial_services,ChannelId_3,1
CustomerId_4135,1177.3898305084747,1646.455252090435,69466.0,59,financial_services,ChannelId_3,1
CustomerId_4136,943.3333333333334,1254.1506089780446,8490.0,9,financial_services,ChannelId_3,0
CustomerId_4137,2500.0,6803.36051416609,20000.0,8,airtime,ChannelId_2,0
CustomerId_4138,2000.0,,2000.0,1,airtime,ChannelId_3,1
CustomerId_4139,1993.3333333333333,2653.324958110735,5980.0,3,airtime,ChannelId_3,0
CustomerId_414,1406.157894736842,2671.2538933192213,26717.0,19,financial_services,ChannelId_3,1
CustomerId_4141,4250.666666666667,8852.536510326669,25504.0,6,financial_services,ChannelId_2,0
CustomerId_4142,300.0,282.842712474619,600.0,2,airtime,ChannelId_3,0
CustomerId_4143,750.0,353.5533905932738,1500.0,2,airtime,ChannelId_3,1
CustomerId_4144,37500.0,17677.66952966369,75000.0,2,financial_services,ChannelId_3,0
CustomerId_4145,3636.3636363636365,8109.638325241993,80000.0,22,airtime,ChannelId_3,0
CustomerId_4146,9881.940298507463,26637.929737944247,662090.0,67,financial_services,ChannelId_3,0
CustomerId_4148,5500.0,707.1067811865476,11000.0,2,airtime,ChannelId_3,1
CustomerId_4149,3270.0,3533.8222932117,35970.0,11,financial_services,ChannelId_3,1
CustomerId_415,11279.761904761905,17366.35428948119,473750.0,42,financial_services,ChannelId_1,0
CustomerId_4150,4333.333333333333,6088.2400303098,26000.0,6,airtime,ChannelId_3,0
CustomerId_4151,1363.6363636363637,4152.399817265221,30000.0,22,airtime,ChannelId_3,0
CustomerId_4152,654.1294871794871,2944.7281654180924,153066.3,234,airtime,ChannelId_3,0
CustomerId_4153,4454.545454545455,7559.247798076689,49000.0,11,financial_services,ChannelId_3,0
CustomerId_4155,878.0769230769231,840.0583770923762,11415.0,13,financial_services,ChannelId_3,1
CustomerId_4156,3991.3953488372094,10607.33990741347,171630.0,43,financial_services,ChannelId_3,0
CustomerId_4157,3767.2631578947367,4848.102272964424,71578.0,19,airtime,ChannelId_3,0
CustomerId_4159,4000.0,6164.414002968976,40000.0,10,airtime,ChannelId_3,0
CustomerId_416,1000.0,,1000.0,1,airtime,ChannelId_3,0
CustomerId_4160,13775.0,34916.86043814854,110200.0,8,financial_services,ChannelId_3,0
CustomerId_4161,360.0,598.7820972607648,3960.0,11,financial_services,ChannelId_3,0
CustomerId_4163,9500.0,9628.083921528727,57000.0,6,financial_services,ChannelId_3,1
CustomerId_4164,7188.5,9507.646591785251,57508.0,8,financial_services,ChannelId_3,0
CustomerId_4165,1940.909090909091,2931.5403955785923,21350.0,11,airtime,ChannelId_3,0
CustomerId_4167,32231.25,23666.98033829693,515700.0,16,airtime,ChannelId_3,1
CustomerId_4168,3630.0,3957.082258432342,54450.0,15,financial_services,ChannelId_3,0
CustomerId_4169,1598.0,2045.2432618150829,7990.0,5,financial_services,ChannelId_3,0
CustomerId_4170,666.6666666666666,288.6751345948129,2000.0,3,other,ChannelId_3,1
CustomerId_4171,5000.0,8660.254037844386,15000.0,3,movies,ChannelId_3,1
CustomerId_4173,1516.5428571428572,5007.305435666016,53079.0,35,financial_services,ChannelId_3,0
CustomerId_4174,1546.5714285714287,3201.8181350207733,54130.0,35,financial_services,ChannelId_3,0
CustomerId_4175,500.0,,500.0,1,airtime,ChannelId_3,0
CustomerId_4176,4040.0,6789.918998044086,20200.0,5,financial_services,ChannelId_3,1
CustomerId_4177,500.0,,500.0,1,airtime,ChannelId_3,0
CustomerId_4179,2638.8888888888887,4291.690938442692,23750.0,9,airtime,ChannelId_3,0
CustomerId_4180,1000.0,,1000.0,1,financial_services,ChannelId_3,1
CustomerId_4181,1196.6666666666667,2800.7533814218805,57440.0,48,financial_services,ChannelId_3,0
CustomerId_4182,1234.875,1529.94273857989,19758.0,16,airtime,ChannelId_3,0
CustomerId_4183,3593.2375,11968.481799440042,215594.25,60,financial_services,ChannelId_3,0
CustomerId_4184,946.0,1353.8638309399037,42570.0,45,airtime,ChannelId_3,1
CustomerId_4185,561.4285714285714,982.8941715062473,3930.0,7,financial_services,ChannelId_3,0
CustomerId_4186,2000.0,5744.562646538028,10000.0,5,airtime,ChannelId_3,0
CustomerId_4187,1314.3617021276596,4387.031235582857,61775.0,47,financial_services,ChannelId_3,0
CustomerId_4188,8636.865671641792,12727.71956638228,578670.0,67,financial_services,ChannelId_3,0
CustomerId_4189,5251.625,8499.47909305393,126039.0,24,airtime,ChannelId_3,0
CustomerId_4190,5937.5,7848.500387547505,23750.0,4,airtime,ChannelId_2,1
CustomerId_4191,3094.1666666666665,3741.7981875657842,55695.0,18,financial_services,ChannelId_3,0
CustomerId_4193,19038.336734693876,32756.3420357929,1865757.0,98,financial_services,ChannelId_3,0
CustomerId_4194,500.0,,500.0,1,data_bundles,ChannelId_3,1
CustomerId_4196,3975.0,7456.708389095017,15900.0,4,financial_services,ChannelId_2,1
CustomerId_4197,5642.857142857143,10110.696834352739,39500.0,7,airtime,ChannelId_3,0
CustomerId_4198,1941.4347826086957,4025.251438121179,89306.0,46,financial_services,ChannelId_3,0
CustomerId_4199,1198.909090909091,1542.657546702218,65940.0,55,airtime,ChannelId_3,1
CustomerId_420,860.1363636363636,1210.1009617640743,18923.0,22,financial_services,ChannelId_3,0
CustomerId_4200,500.0,0.0,1000.0,2,financial_services,ChannelId_3,1
CustomerId_4201,1495.3125,2574.80126660292,23925.0,16,airtime,ChannelId_3,0
CustomerId_4202,7840.22380952381,13033.876492889778,164644.7,21,financial_services,ChannelId_3,0
CustomerId_4203,3750.0,7827.302643099132,60000.0,16,airtime,ChannelId_3,0
CustomerId_4204,3599.7526315789473,8357.693753481739,341976.5,95,financial_services,ChannelId_3,0
CustomerId_4205,5038.461538461538,1941.450686788302,65500.0,13,financial_services,ChannelId_3,0
CustomerId_4206,3333.3333333333335,6444.331754705517,60000.0,18,airtime,ChannelId_3,0
CustomerId_4207,10000.0,,10000.0,1,financial_services,ChannelId_3,1
CustomerId_4211,3050.0,3646.5508817694194,48800.0,16,airtime,ChannelId_3,1
CustomerId_4212,740.0,1506.784656146989,2960.0,4,financial_services,ChannelId_2,1
CustomerId_4213,4600.027272727272,5703.304466158745,303601.8,66,airtime,ChannelId_3,0
CustomerId_4214,5666.666666666667,7527.72652709081,34000.0,6,airtime,ChannelId_3,1
CustomerId_4215,1649.2307692307693,3914.642302813165,21440.0,13,airtime,ChannelId_3,1
CustomerId_4216,1213.2727272727273,1376.2025778763586,66730.0,55,airtime,ChannelId_3,0
CustomerId_4218,785.2631578947369,1005.7756455208124,14920.0,19,airtime,ChannelId_3,0
CustomerId_4219,3333.3333333333335,6088.2400303098,20000.0,6,airtime,ChannelId_3,0
CustomerId_422,90000.0,14142.13562373095,180000.0,2,airtime,ChannelId_3,1
CustomerId_4220,500.0,,500.0,1,financial_services,ChannelId_3,1
CustomerId_4221,80000.0,,80000.0,1,financial_services,ChannelId_3,0
CustomerId_4224,691.1538461538462,954.8257996578789,8985.0,13,financial_services,ChannelId_3,0
CustomerId_4225,500.0,,500.0,1,financial_services,ChannelId_3,1
CustomerId_4226,79900.0,75571.0850053702,799000.0,10,ticket,ChannelId_3,1
CustomerId_4227,237.5,962.0940702446928,950.0,4,financial_services,ChannelId_2,1
CustomerId_4229,788.6,945.055359570571,39430.0,50,airtime,ChannelId_3,0
CustomerId_423,2750.0,353.5533905932738,5500.0,2,financial_services,ChannelId_3,1
CustomerId_4230,4250.0,1500.0,17000.0,4,airtime,ChannelId_3,1
CustomerId_4233,13000.0,12124.355652982142,39000.0,3,financial_services,ChannelId_3,1
CustomerId_4234,3741.6666666666665,4636.261882424702,44900.0,12,financial_services,ChannelId_3,0
CustomerId_4235,1089.5238095238096,2793.5344569030754,22880.0,21,financial_services,ChannelId_3,1
CustomerId_4237,1740.775,2584.514133652838,69631.0,40,financial_services,ChannelId_3,0
CustomerId_4238,6427.354609929078,12808.541690235328,906257.0,141,financial_services,ChannelId_3,0
CustomerId_4239,23888.88888888889,31600.808709764235,215000.0,9,financial_services,ChannelId_3,0
CustomerId_424,10000.0,,10000.0,1,financial_services,ChannelId_3,1
CustomerId_4240,261150.0,391309.6280440848,2611500.0,10,financial_services,ChannelId_3,0
CustomerId_4241,3780.0,4460.044842823892,18900.0,5,financial_services,ChannelId_3,1
CustomerId_4242,5000.0,0.0,10000.0,2,financial_services,ChannelId_3,1
CustomerId_4243,3000.0,2828.42712474619,6000.0,2,financial_services,ChannelId_3,0
CustomerId_4244,888.0,1457.492519515776,8880.0,10,financial_services,ChannelId_2,0
CustomerId_4245,4315.789473684211,5910.584964272407,82000.0,19,financial_services,ChannelId_3,0
CustomerId_4246,737.5,1174.2687694293597,5900.0,8,airtime,ChannelId_2,1
CustomerId_4247,862.5,951.1592649858492,17250.0,20,airtime,ChannelId_3,0
CustomerId_4250,11741.0,14527.721500634572,46964.0,4,financial_services,ChannelId_2,1
CustomerId_4252,3179.4581081081083,7776.817634764906,588199.75,185,airtime,ChannelId_3,0
CustomerId_4253,4555.555555555556,7148.653549748714,328000.0,72,airtime,ChannelId_3,0
CustomerId_4254,6087.391304347826,8660.213212466278,140010.0,23,financial_services,ChannelId_3,0
CustomerId_4255,490.0,642.0391621344338,7350.0,15,airtime,ChannelId_3,0
CustomerId_4256,591.6666666666666,929.1788489485399,12425.0,21,financial_services,ChannelId_3,0
CustomerId_4257,2450.0,3606.2445840513924,4900.0,2,airtime,ChannelId_2,1
CustomerId_4258,3800.0,6685.805860178712,19000.0,5,financial_services,ChannelId_3,1
CustomerId_4260,1000.0,,1000.0,1,financial_services,ChannelId_3,0
CustomerId_4261,4000.0,6745.368781616021,20000.0,5,financial_services,ChannelId_3,0
CustomerId_4262,730.625,334.9033709253206,5845.0,8,financial_services,ChannelId_3,0
CustomerId_4265,500.0,,500.0,1,financial_services,ChannelId_3,0
CustomerId_4266,160000.0,103923.04845413264,480000.0,3,financial_services,ChannelId_1,0
CustomerId_4267,1000.0,0.0,3000.0,3,financial_services,ChannelId_3,1
CustomerId_427,1000.0,,1000.0,1,financial_services,ChannelId_3,1
CustomerId_4270,9000.0,,9000.0,1,utility_bill,ChannelId_3,1
CustomerId_4272,1000.0,,1000.0,1,financial_services,ChannelId_3,1
CustomerId_4273,3400.8360655737706,23422.769655601027,207451.0,61,financial_services,ChannelId_3,0
CustomerId_4274,3421.4285714285716,4349.080545046457,95800.0,28,financial_services,ChannelId_3,0
CustomerId_4275,370714.28571428574,325197.74204101023,2595000.0,7,financial_services,ChannelId_3,1
CustomerId_4276,750.0,353.5533905932738,1500.0,2,airtime,ChannelId_3,1
CustomerId_4277,2857.1428571428573,5490.251100164467,20000.0,7,airtime,ChannelId_3,0
CustomerId_4279,1358.3333333333333,1822.8936273053862,24450.0,18,airtime,ChannelId_3,0
CustomerId_428,16288.888888888889,24596.027629749457,293200.0,18,financial_services,ChannelId_3,0
CustomerId_4280,571.4285714285714,1105.236453908221,4000.0,7,financial_services,ChannelId_3,0
CustomerId_4281,4875.0,8542.958671159708,39000.0,8,airtime,ChannelId_3,0
CustomerId_4282,750.0,353.5533905932738,1500.0,2,airtime,ChannelId_3,0
CustomerId_4283,5142.857142857143,5956.189257922424,36000.0,7,financial_services,ChannelId_3,0
CustomerId_4287,10000.0,,10000.0,1,financial_services,ChannelId_3,1
CustomerId_4288,950.0,1484.9242404917497,1900.0,2,airtime,ChannelId_2,1
CustomerId_4289,3500.0,8101.3319242806265,70000.0,20,airtime,ChannelId_3,0
CustomerId_429,1000.0,,1000.0,1,airtime,ChannelId_3,0
CustomerId_4290,1000.0,,1000.0,1,financial_services,ChannelId_3,0
CustomerId_4291,3333.3333333333335,6088.2400303098,20000.0,6,airtime,ChannelId_3,0
CustomerId_4294,1783.1698113207547,3440.557735063007,94508.0,53,airtime,ChannelId_3,0
CustomerId_4297,1000.0,,1000.0,1,financial_services,ChannelId_3,0
CustomerId_4298,238.33333333333334,763.1622806891512,1430.0,6,financial_services,ChannelId_2,0
CustomerId_4299,3800.0,6685.805860178712,19000.0,5,financial_services,ChannelId_3,1
CustomerId_4300,2857.1428571428573,5580.578567035604,20000.0,7,airtime,ChannelId_3,0
CustomerId_4301,166.66666666666666,1040.8329997330663,500.0,3,financial_services,ChannelId_3,1
CustomerId_4302,24666.666666666668,47961.7903474561,74000.0,3,financial_services,ChannelId_2,1
CustomerId_4304,3625.0,4565.006649971687,29000.0,8,financial_services,ChannelId_3,1
CustomerId_4305,1210.9166666666667,1833.3351244579994,43593.0,36,financial_services,ChannelId_3,0
CustomerId_4308,500.0,,500.0,1,airtime,ChannelId_3,0
CustomerId_4309,2057.3529411764707,2228.0964954125916,69950.0,34,airtime,ChannelId_3,0
CustomerId_431,533.3333333333334,553.3985905294663,4800.0,9,airtime,ChannelId_3,1
CustomerId_4310,800.0,1646.5873800075112,4000.0,5,airtime,ChannelId_3,1
CustomerId_4311,4897.884615384615,9075.444803346125,254690.0,52,airtime,ChannelId_3,0
CustomerId_4312,1414.6062992125985,2322.868677172383,179655.0,127,financial_services,ChannelId_3,0
CustomerId_4313,10000.0,,10000.0,1,financial_services,ChannelId_3,1
CustomerId_4314,1380.1968085106382,5101.819481057864,129738.5,94,financial_services,ChannelId_3,0
CustomerId_4315,3367.8062015503874,23994.411614698663,434447.0,129,financial_services,ChannelId_3,0
CustomerId_4317,130000.0,169705.6274847714,260000.0,2,financial_services,ChannelId_3,1
CustomerId_4318,7235.0,16576.240526729816,217050.0,30,financial_services,ChannelId_3,0
CustomerId_4319,2047.631111111111,3658.246241603529,460717.0,225,financial_services,ChannelId_3,0
CustomerId_4321,10000.0,,10000.0,1,airtime,ChannelId_3,0
CustomerId_4322,3027.294117647059,5074.882705106418,51464.0,17,financial_services,ChannelId_3,0
CustomerId_4323,496.8181818181818,689.2707420485478,10930.0,22,financial_services,ChannelId_3,0
CustomerId_4324,641.2037037037037,3310.9529402901844,34625.0,54,airtime,ChannelId_3,0
CustomerId_4325,7333.333333333333,8981.462390204986,44000.0,6,utility_bill,ChannelId_3,1
CustomerId_4326,385.0,5882.985482033606,4620.0,12,financial_services,ChannelId_3,0
CustomerId_4327,500.0,0.0,2500.0,5,airtime,ChannelId_3,0
CustomerId_4328,3938.1428571428573,9659.730382104102,55134.0,14,financial_services,ChannelId_2,1
CustomerId_4329,2000.0,,2000.0,1,airtime,ChannelId_3,0
CustomerId_433,1000.0,,1000.0,1,financial_services,ChannelId_3,1
CustomerId_4330,446.2962962962963,500.27606339014426,12050.0,27,airtime,ChannelId_3,0
CustomerId_4332,20000.0,,20000.0,1,airtime,ChannelId_3,1
CustomerId_4333,1181.4833333333333,3848.9232194601796,141778.0,120,airtime,ChannelId_3,0
CustomerId_4334,772.7272727272727,753.778361444409,8500.0,11,airtime,ChannelId_3,1
CustomerId_4336,1326.2707100591715,2338.8226846825823,448279.5,338,financial_services,ChannelId_3,0
CustomerId_4337,13714.814814814816,35960.720597979205,370300.0,27,airtime,ChannelId_3,0
CustomerId_4338,821.6666666666666,1474.1458749411677,9860.0,12,airtime,ChannelId_3,0
CustomerId_4341,320.0,1532.0574401764445,960.0,3,financial_services,ChannelId_2,1
CustomerId_4342,1333.3333333333333,7767.453465154029,4000.0,3,financial_services,ChannelId_2,1
CustomerId_4343,45907.88888888889,54237.308746942,413171.0,9,utility_bill,ChannelId_3,1
CustomerId_4344,156666.66666666666,11547.005383792513,470000.0,3,financial_services,ChannelId_3,1
CustomerId_4346,1176.8753333333332,1722.1228948866556,88265.65,75,financial_services,ChannelId_3,0
CustomerId_4347,2513.9285714285716,4840.9366153322635,175975.0,70,airtime,ChannelId_3,0
CustomerId_4348,2583.1428571428573,3961.576093281201,18082.0,7,financial_services,ChannelId_3,0
CustomerId_4349,1177.75,2227.9137130310646,70665.0,60,financial_services,ChannelId_3,1
CustomerId_435,1500.0,866.0254037844386,4500.0,3,airtime,ChannelId_3,1
CustomerId_4351,594.0,574.8081805649989,5940.0,10,airtime,ChannelId_3,1
CustomerId_4353,1241.5,2504.0838843776774,32279.0,26,financial_services,ChannelId_3,0
CustomerId_4355,575.0,50.0,2300.0,4,financial_services,ChannelId_3,0
CustomerId_4356,490.0,1296.3024338479042,1960.0,4,financial_services,ChannelId_2,0
CustomerId_4357,944.6086956521739,1328.455217800165,43452.0,46,financial_services,ChannelId_3,0
CustomerId_4358,80.0,585.1153732384751,480.0,6,airtime,ChannelId_2,1
CustomerId_436,3684.2105263157896,7318.565672915146,70000.0,19,airtime,ChannelId_3,0
CustomerId_4360,4000.0,6745.368781616021,20000.0,5,financial_services,ChannelId_3,0
CustomerId_4361,50000.0,,50000.0,1,financial_services,ChannelId_3,1
CustomerId_4362,2000.0,,2000.0,1,financial_services,ChannelId_3,1
CustomerId_4363,3854.090909090909,4892.765951689154,84790.0,22,financial_services,ChannelId_3,0
CustomerId_4364,1519.811320754717,5583.864040031927,80550.0,53,financial_services,ChannelId_3,1
CustomerId_4365,3333.3333333333335,6088.2400303098,20000.0,6,airtime,ChannelId_3,0
CustomerId_4367,500.0,0.0,1500.0,3,financial_services,ChannelId_3,0
CustomerId_4368,2714.285714285714,4750.939756661683,19000.0,7,financial_services,ChannelId_3,1
CustomerId_4369,2000.0,,2000.0,1,financial_services,ChannelId_3,0
CustomerId_437,4523.0,8740.846354901796,22615.0,5,financial_services,ChannelId_3,1
CustomerId_4370,1224.7777777777778,2509.5226767972185,22046.0,18,airtime,ChannelId_3,0
CustomerId_4371,9425.30612244898,13077.751176885717,2771040.0,294,financial_services,ChannelId_3,0
CustomerId_4373,36500.0,50204.581464244875,73000.0,2,airtime,ChannelId_3,0
CustomerId_4374,4444.444444444444,6463.573143221772,40000.0,9,financial_services,ChannelId_3,0
CustomerId_4376,4800.0,8497.058314499202,24000.0,5,financial_services,ChannelId_3,1
CustomerId_4377,10000.0,,10000.0,1,financial_services,ChannelId_3,0
CustomerId_4378,2500.0,1322.8756555322952,7500.0,3,financial_services,ChannelId_3,1
CustomerId_4379,400.0,926.8225288586807,2400.0,6,financial_services,ChannelId_2,0
CustomerId_4380,3897.75,7213.0159961606605,93546.0,24,airtime,ChannelId_3,0
CustomerId_4381,3800.0,6685.805860178712,19000.0,5,financial_services,ChannelId_3,0
CustomerId_4382,500.0,,500.0,1,data_bundles,ChannelId_3,1
CustomerId_4383,2116.2162162162163,2068.6080953027213,78300.0,37,airtime,ChannelId_3,0
CustomerId_4384,1112.3193277310925,1664.3038089099261,132366.0,119,financial_services,ChannelId_3,0
CustomerId_4386,500.0,0.0,1500.0,3,financial_services,ChannelId_3,1
CustomerId_4387,3333.3333333333335,7814.516406449389,20000.0,6,airtime,ChannelId_2,0
CustomerId_4388,5714.285714285715,9516.902257112266,40000.0,7,financial_services,ChannelId_3,0
CustomerId_4389,5000.0,6511.528238439882,30000.0,6,financial_services,ChannelId_3,0
CustomerId_4390,1789.3157894736842,3067.425178887038,33997.0,19,financial_services,ChannelId_3,0
CustomerId_4391,309894.7368421053,1142075.8101484838,5888000.0,19,financial_services,ChannelId_3,1
CustomerId_4392,4641.025641025641,5882.4774564498775,181000.0,39,financial_services,ChannelId_3,0
CustomerId_4393,420.95238095238096,575.1621924457897,8840.0,21,airtime,ChannelId_3,0
CustomerId_4394,20000.0,,20000.0,1,airtime,ChannelId_3,1
CustomerId_4395,2240.8064516129034,2655.0581716082334,69465.0,31,financial_services,ChannelId_3,0
CustomerId_4396,2935.625,6057.625792497873,93940.0,32,airtime,ChannelId_3,0
CustomerId_4398,487.5,1297.674201536477,1950.0,4,financial_services,ChannelId_2,0
CustomerId_4399,3312.222222222222,4434.0268881057145,29810.0,9,financial_services,ChannelId_3,0
CustomerId_440,500.0,,500.0,1,airtime,ChannelId_3,1
CustomerId_4401,2233.3333333333335,5464.075461016087,67000.0,30,financial_services,ChannelId_3,0
CustomerId_4402,500.0,,500.0,1,airtime,ChannelId_3,1
CustomerId_4403,373.75,641.7150569261362,2990.0,8,financial_services,ChannelId_3,0
CustomerId_4406,923.7121848739496,3042.2942512284867,109921.75,119,financial_services,ChannelId_3,0
CustomerId_4408,1394.5714285714287,3164.411119853066,39048.0,28,airtime,ChannelId_3,0
CustomerId_4409,2000.0,,2000.0,1,financial_services,ChannelId_3,1
CustomerId_4413,2525.4545454545455,7469.558706692603,27780.0,11,financial_services,ChannelId_3,1
CustomerId_4414,6497.46511627907,6732.32462629025,279391.0,43,financial_services,ChannelId_3,0
CustomerId_4415,2000.0,,2000.0,1,financial_services,ChannelId_3,1
CustomerId_4416,1389.9,2016.5536454873215,55596.0,40,airtime,ChannelId_3,0
CustomerId_4417,858.9560439560439,1733.5997417838598,78165.0,91,financial_services,ChannelId_2,1
CustomerId_4418,2000.0,0.0,4000.0,2,financial_services,ChannelId_3,1
CustomerId_442,2131.818181818182,2288.722971639226,70350.0,33,airtime,ChannelId_3,0
CustomerId_4420,5798.684210526316,4974.577548257313,110175.0,19,utility_bill,ChannelId_3,0
CustomerId_4421,1829.0,1662.4297231070138,164610.0,90,financial_services,ChannelId_3,0
CustomerId_4422,10000.0,,10000.0,1,financial_services,ChannelId_3,1
CustomerId_4423,1000.0,,1000.0,1,financial_services,ChannelId_3,0
CustomerId_4424,4432.727272727273,5952.768209047733,97520.0,22,financial_services,ChannelId_3,0
CustomerId_4425,3840.0,6732.235884162112,19200.0,5,financial_services,ChannelId_3,1
CustomerId_4426,1235.3529411764705,1919.943715752562,42002.0,34,financial_services,ChannelId_3,0
CustomerId_4427,1005.8333333333334,1542.0762764611363,12070.0,12,financial_services,ChannelId_2,1
CustomerId_4428,1337.4666666666667,2641.0851088862983,20062.0,15,airtime,ChannelId_3,0
CustomerId_4429,893.2692307692307,1293.523824525619,23225.0,26,airtime,ChannelId_3,0
CustomerId_443,15271.2,8935.420930208045,76356.0,5,financial_services,ChannelId_3,1
CustomerId_4430,1643.5294117647059,4767.898110247941,27940.0,17,financial_services,ChannelId_3,0
CustomerId_4431,1322.093220338983,3894.25561166874,156007.0,118,airtime,ChannelId_3,0
CustomerId_4433,4000.0,6745.368781616021,20000.0,5,airtime,ChannelId_3,0
CustomerId_4434,485.0,719.200945494373,4850.0,10,airtime,ChannelId_3,1
CustomerId_4435,495.0,759.755599800733,3960.0,8,financial_services,ChannelId_3,0
CustomerId_4436,2000.0,,2000.0,1,financial_services,ChannelId_3,1
CustomerId_4437,3746.4285714285716,7343.443935318689,209800.0,56,airtime,ChannelId_3,0
CustomerId_4438,8554.212328767124,20066.36522494327,1248915.0,146,financial_services,ChannelId_3,0
CustomerId_444,1562.7551020408164,3487.062556380204,76575.0,49,airtime,ChannelId_3,0
CustomerId_4440,490.0,1296.3024338479042,1960.0,4,airtime,ChannelId_2,1
CustomerId_4442,863.7931034482758,1208.740234982283,25050.0,29,airtime,ChannelId_3,0
CustomerId_4443,3508.7719298245615,6577.594021203302,200000.0,57,airtime,ChannelId_3,0
CustomerId_4444,500.0,,500.0,1,data_bundles,ChannelId_3,1
CustomerId_4445,1857.142857142857,988.0235200593537,13000.0,7,airtime,ChannelId_3,0
CustomerId_4446,500.0,0.0,1000.0,2,financial_services,ChannelId_3,1
CustomerId_4447,2000.0,,2000.0,1,financial_services,ChannelId_3,0
CustomerId_4449,2984.6153846153848,6673.911403598112,38800.0,13,financial_services,ChannelId_3,1
CustomerId_4450,790.0,469.5742752749558,3950.0,5,airtime,ChannelId_3,0
CustomerId_4451,950.0,225.8317958127243,5700.0,6,airtime,ChannelId_3,1
CustomerId_4453,542490.0,1108161.707813508,29294460.0,54,financial_services,ChannelId_3,0
CustomerId_4454,115082.22222222222,146613.96914757593,4142960.0,36,financial_services,ChannelId_3,0
CustomerId_4455,241.0,638.6522266982764,2410.0,10,financial_services,ChannelId_2,0
CustomerId_4456,6207.272727272727,16298.938547250416,204840.0,33,financial_services,ChannelId_3,0
CustomerId_4457,500.0,,500.0,1,airtime,ChannelId_3,1
CustomerId_4458,4000.0,6745.368781616021,20000.0,5,financial_services,ChannelId_3,0
CustomerId_4459,1000.0,,1000.0,1,financial_services,ChannelId_3,1
CustomerId_446,4615.384615384615,6158.421376144527,120000.0,26,airtime,ChannelId_3,0
CustomerId_4461,3250.0,1767.7669529663688,6500.0,2,utility_bill,ChannelId_3,1
CustomerId_4462,40000.0,42426.40687119285,80000.0,2,financial_services,ChannelId_3,0
CustomerId_4465,1000.0,,1000.0,1,financial_services,ChannelId_3,1
CustomerId_4466,10926.90909090909,18664.696522871975,120196.0,11,financial_services,ChannelId_3,1
CustomerId_4468,1000.0,,1000.0,1,airtime,ChannelId_3,1
CustomerId_4469,2631.5789473684213,6102.91848504367,50000.0,19,airtime,ChannelId_3,0
CustomerId_447,2250.0,6601.767440112787,9000.0,4,airtime,ChannelId_2,1
CustomerId_4471,1235.7142857142858,1643.2582326121537,34600.0,28,financial_services,ChannelId_2,0
CustomerId_4472,1035.593220338983,2035.473783012828,61100.0,59,financial_services,ChannelId_3,0
CustomerId_4473,3419.3925000000004,10971.438381886759,273551.4,80,financial_services,ChannelId_3,0
CustomerId_4476,132000.0,289769.9087206951,1452000.0,11,financial_services,ChannelId_3,1
CustomerId_4477,700.0,,700.0,1,financial_services,ChannelId_3,0
CustomerId_448,1674.1153846153845,6733.199391902535,261162.0,156,financial_services,ChannelId_3,1
CustomerId_4481,10000.0,,10000.0,1,financial_services,ChannelId_3,1
CustomerId_4482,737.5,525.0,2950.0,4,airtime,ChannelId_3,1
CustomerId_4483,1250.0,3269.174207655505,3750.0,3,financial_services,ChannelId_2,1
CustomerId_4484,3846.153846153846,8060.667402539258,50000.0,13,airtime,ChannelId_3,0
CustomerId_4485,133808.0,124266.5404863451,1338080.0,10,financial_services,ChannelId_1,0
CustomerId_4486,4601.941747572816,25667.496729317303,474000.0,103,financial_services,ChannelId_2,0
CustomerId_4487,4444.444444444444,6463.573143221772,40000.0,9,financial_services,ChannelId_3,0
CustomerId_4488,3333.3333333333335,5963.779562212764,20000.0,6,airtime,ChannelId_3,0
CustomerId_4489,1000.0,,1000.0,1,financial_services,ChannelId_3,1
CustomerId_449,3750.0,7514.430561703704,60000.0,16,airtime,ChannelId_3,0
CustomerId_4490,1342.857142857143,2692.7493201371162,18800.0,14,financial_services,ChannelId_2,0
CustomerId_4492,4000.0,6110.100926607787,40000.0,10,airtime,ChannelId_3,0
CustomerId_4493,1000.0,,1000.0,1,financial_services,ChannelId_3,1
CustomerId_4494,10000.0,,10000.0,1,financial_services,ChannelId_3,1
CustomerId_4495,475.0,742.4621202458749,950.0,2,airtime,ChannelId_2,0
CustomerId_4497,10000.0,,10000.0,1,financial_services,ChannelId_3,1
CustomerId_4498,1000.0,,1000.0,1,financial_services,ChannelId_3,0
CustomerId_4499,6666.666666666667,9831.92080250175,40000.0,6,airtime,ChannelId_3,0
CustomerId_450,816.6666666666666,791.0962857537212,2450.0,3,financial_services,ChannelId_3,1
CustomerId_4500,4750.0,9322.910847297997,19000.0,4,financial_services,ChannelId_2,0
CustomerId_4501,991.1764705882352,1211.7891336415607,16850.0,17,financial_services,ChannelId_3,0
CustomerId_4502,1154.9736842105262,4685.658440000475,153611.5,133,financial_services,ChannelId_3,1
CustomerId_4504,1040.0,1592.3002229479214,11440.0,11,financial_services,ChannelId_3,1
CustomerId_4505,1406.1489361702127,3109.9317550091127,66089.0,47,financial_services,ChannelId_3,0
CustomerId_4507,1000.0,,1000.0,1,financial_services,ChannelId_3,1
CustomerId_4510,8623.4375,14895.249333991498,275950.0,32,financial_services,ChannelId_3,0
CustomerId_4512,810.9090909090909,1235.6816300767325,8920.0,11,financial_services,ChannelId_3,0
CustomerId_4513,1000.0,,1000.0,1,airtime,ChannelId_3,0
CustomerId_4517,642.8571428571429,243.9750182371333,4500.0,7,financial_services,ChannelId_3,1
CustomerId_4518,1573.9789156626507,2881.2170115655244,261280.5,166,financial_services,ChannelId_3,0
CustomerId_4519,1500.0,707.1067811865476,3000.0,2,airtime,ChannelId_3,1
CustomerId_452,1000.0,,1000.0,1,airtime,ChannelId_3,1
CustomerId_4520,1300.0,1212.4355652982142,3900.0,3,financial_services,ChannelId_3,0
CustomerId_4524,4000.0,6745.368781616021,20000.0,5,financial_services,ChannelId_3,0
CustomerId_4525,3164.2696629213483,4911.777332373608,281620.0,89,airtime,ChannelId_3,0
CustomerId_4526,813.4521052631578,921.101613209543,77277.95,95,financial_services,ChannelId_3,0
CustomerId_4527,5000.0,6429.100507328637,50000.0,10,financial_services,ChannelId_3,0
CustomerId_4528,596.0,1142.838571277676,2980.0,5,financial_services,ChannelId_3,0
CustomerId_453,8076.923076923077,19554.38176352927,210000.0,26,airtime,ChannelId_3,0
CustomerId_4531,1000.0,,1000.0,1,airtime,ChannelId_3,1
CustomerId_4532,500.0,,500.0,1,airtime,ChannelId_3,1
CustomerId_4533,4000.0,6745.368781616021,20000.0,5,financial_services,ChannelId_3,0
CustomerId_4534,2000.0,,2000.0,1,airtime,ChannelId_3,1
CustomerId_4537,1000.0,0.0,2000.0,2,financial_services,ChannelId_3,1
CustomerId_4538,6910.0,8209.171699995073,34550.0,5,financial_services,ChannelId_3,1
CustomerId_4539,4000.0,6164.414002968976,40000.0,10,airtime,ChannelId_3,0
CustomerId_4540,2173.96,3965.4627079526626,108698.0,50,financial_services,ChannelId_3,0
CustomerId_4541,7000.0,5497.474167490214,70000.0,10,financial_services,ChannelId_3,0
CustomerId_4542,3068.1111111111113,5066.9088603104765,55226.0,18,financial_services,ChannelId_1,0
CustomerId_4543,4347.826086956522,5833.669480245095,100000.0,23,airtime,ChannelId_3,0
CustomerId_4544,4747.5,4952.493599909329,37980.0,8,airtime,ChannelId_3,1
CustomerId_4545,500.0,0.0,2000.0,4,financial_services,ChannelId_3,0
CustomerId_4546,3376.0,2624.0243901305494,13504.0,4,utility_bill,ChannelId_3,1
CustomerId_4547,2857.1428571428573,6517.3760422573805,20000.0,7,airtime,ChannelId_3,0
CustomerId_4548,645.3703703703703,898.8945410955592,17425.0,27,financial_services,ChannelId_3,0
CustomerId_4549,142.28205128205127,1227.684147377491,5549.0,39,airtime,ChannelId_3,0
CustomerId_455,5000.0,,5000.0,1,airtime,ChannelId_3,0
CustomerId_4550,7715.228571428572,18900.662638688427,270033.0,35,airtime,ChannelId_3,0
CustomerId_4553,500.0,,500.0,1,airtime,ChannelId_3,1
CustomerId_4554,1347.986111111111,3537.1988658691193,97055.0,72,financial_services,ChannelId_3,1
CustomerId_4555,4626.865671641791,7859.9981126058365,310000.0,67,airtime,ChannelId_3,0
CustomerId_4557,4000.0,6745.368781616021,20000.0,5,financial_services,ChannelId_3,0
CustomerId_456,3384.6153846153848,8237.973331550427,132000.0,39,airtime,ChannelId_3,0
CustomerId_4560,4000.0,6745.368781616021,20000.0,5,financial_services,ChannelId_3,0
CustomerId_4561,4149.606557377049,13612.757153100529,253126.0,61,airtime,ChannelId_3,0
CustomerId_4562,390.67484662576686,659.2346187144227,63680.0,163,financial_services,ChannelId_2,0
CustomerId_4565,2438.0269461077846,5479.314626655783,407150.5,167,financial_services,ChannelId_3,0
CustomerId_4567,5945.945945945946,8621.375070608407,220000.0,37,financial_services,ChannelId_3,1
CustomerId_4568,633.2542372881356,674.4981427652747,37362.0,59,airtime,ChannelId_3,0
CustomerId_4569,2741.3585526315787,4546.594553497435,208343.25,76,financial_services,ChannelId_3,0
CustomerId_457,4335.890625,9015.709361222682,138748.5,32,financial_services,ChannelId_3,0
CustomerId_4572,1000.0,,1000.0,1,financial_services,ChannelId_3,1
CustomerId_4573,13330.833333333334,15784.570762826168,79985.0,6,financial_services,ChannelId_2,1
CustomerId_4577,2364.5466101694915,5026.735289092945,279016.5,118,financial_services,ChannelId_3,0
CustomerId_4578,3764.794117647059,11317.81982137985,256006.0,68,financial_services,ChannelId_3,0
CustomerId_4579,1331.6666666666667,1506.2586602290962,15980.0,12,financial_services,ChannelId_3,0
CustomerId_4581,546.1111111111111,988.6283988997641,4915.0,9,financial_services,ChannelId_3,1
CustomerId_4583,808.75,1480.1536715166935,19410.0,24,airtime,ChannelId_3,0
CustomerId_4584,2178.4210526315787,4251.257674249527,41390.0,19,financial_services,ChannelId_3,1
CustomerId_4585,1925.7245179063361,4584.839306983538,699038.0,363,financial_services,ChannelId_3,0
CustomerId_4587,521.0526315789474,616.9488544822348,19800.0,38,airtime,ChannelId_3,0
CustomerId_4588,495.0,1293.612512823424,1980.0,4,financial_services,ChannelId_2,0
CustomerId_4589,5000.0,6429.100507328637,50000.0,10,financial_services,ChannelId_3,0
CustomerId_4590,5995.454545454545,12652.498854879508,65950.0,11,financial_services,ChannelId_3,0
CustomerId_4591,3604.6428571428573,7093.647880128583,50465.0,14,airtime,ChannelId_2,1
CustomerId_4592,68000.0,114315.3532995459,204000.0,3,financial_services,ChannelId_3,1
CustomerId_4593,5000.0,,5000.0,1,airtime,ChannelId_3,1
CustomerId_4595,500.0,,500.0,1,airtime,ChannelId_3,1
CustomerId_4596,15000.0,,15000.0,1,financial_services,ChannelId_3,0
CustomerId_4598,960.0,1139.473562659529,5760.0,6,airtime,ChannelId_2,1
CustomerId_46,23333.333333333332,5773.502691896258,70000.0,3,financial_services,ChannelId_3,1
CustomerId_4600,3863.6363636363635,5318.838528291989,85000.0,22,financial_services,ChannelId_3,0
CustomerId_4601,20000.0,0.0,40000.0,2,financial_services,ChannelId_3,0
CustomerId_4602,4700.786666666667,12545.064009718242,352559.0,75,airtime,ChannelId_3,0
CustomerId_4603,5000.0,,5000.0,1,airtime,ChannelId_3,1
CustomerId_4604,671.4285714285714,616.6641916592249,9400.0,14,airtime,ChannelId_3,0
CustomerId_4605,5833.4375,12754.339224848145,93335.0,16,airtime,ChannelId_3,0
CustomerId_4608,237.5,371.23106012293744,475.0,2,airtime,ChannelId_2,1
CustomerId_4609,719.0909090909091,1153.8735159925852,7910.0,11,financial_services,ChannelId_3,1
CustomerId_4610,74153.84615384616,81236.1230753148,964000.0,13,financial_services,ChannelId_3,1
CustomerId_4611,66.66666666666667,1674.3157806499148,200.0,3,tv,ChannelId_5,1
CustomerId_4612,10000.0,,10000.0,1,financial_services,ChannelId_3,1
CustomerId_4613,4355.121951219512,15593.020172813089,178560.0,41,financial_services,ChannelId_3,1
CustomerId_4615,953.8636363636364,1166.0116513121434,20985.0,22,airtime,ChannelId_3,0
CustomerId_4616,2128.5714285714284,4084.0079430775936,29800.0,14,financial_services,ChannelId_3,0
CustomerId_4617,5714.285714285715,9516.902257112268,40000.0,7,financial_services,ChannelId_3,0
CustomerId_4619,5000.0,6511.528238439882,30000.0,6,financial_services,ChannelId_3,0
CustomerId_462,2055.0,4651.36935128842,41100.0,20,airtime,ChannelId_3,0
CustomerId_4620,4625.0,6209.87117418711,18500.0,4,financial_services,ChannelId_2,0
CustomerId_4622,186.25,2562.964998460442,745.0,4,airtime,ChannelId_3,1
CustomerId_4623,320.0,1532.0574401764445,960.0,3,financial_services,ChannelId_2,1
CustomerId_4624,1043.796875,1672.9254120479477,66803.0,64,financial_services,ChannelId_3,0
CustomerId_4625,500.0,,500.0,1,airtime,ChannelId_3,0
CustomerId_4626,2690.3333333333335,7296.582919343176,80710.0,30,airtime,ChannelId_3,0
CustomerId_4627,5714.285714285715,8932.267114138456,200000.0,35,financial_services,ChannelId_3,0
CustomerId_4629,1249.5833333333333,2061.1872773778327,14995.0,12,financial_services,ChannelId_3,0
CustomerId_4630,500.0,,500.0,1,airtime,ChannelId_3,1
CustomerId_4632,1000.0,,1000.0,1,financial_services,ChannelId_3,1
CustomerId_4633,1950.7692307692307,2780.6637742886187,25360.0,13,financial_services,ChannelId_3,0
CustomerId_4634,1502.1739130434783,1714.5419651316874,34550.0,23,financial_services,ChannelId_3,0
CustomerId_4636,2134.270650406504,5837.983003033616,262515.29,123,financial_services,ChannelId_3,0
CustomerId_4637,4545.454545454545,6193.139620174759,100000.0,22,airtime,ChannelId_3,0
CustomerId_4639,22363.11111111111,39354.36814524038,201268.0,9,financial_services,ChannelId_3,1
CustomerId_4640,4000.0,6558.963332722634,20000.0,5,financial_services,ChannelId_3,1
CustomerId_4641,1956.0,4552.766192107826,9780.0,5,financial_services,ChannelId_2,0
CustomerId_4642,245.0,360.62445840513925,490.0,2,data_bundles,ChannelId_2,0
CustomerId_4647,141.66666666666666,1264.004878682568,425.0,3,financial_services,ChannelId_2,0
CustomerId_4648,1000.0,,1000.0,1,airtime,ChannelId_3,1
CustomerId_4649,500.0,0.0,1000.0,2,airtime,ChannelId_3,1
CustomerId_4650,2000.0,,2000.0,1,airtime,ChannelId_3,1
CustomerId_4651,2745.4375,7439.365142884617,43927.0,16,airtime,ChannelId_3,0
CustomerId_4652,1000.0,,1000.0,1,airtime,ChannelId_3,1
CustomerId_4653,1331.6666666666667,1082.5971857836444,7990.0,6,airtime,ChannelId_3,0
CustomerId_4654,2310.0,3521.221379010414,13860.0,6,financial_services,ChannelId_2,0
CustomerId_4655,3636.3636363636365,5699.168314808703,80000.0,22,airtime,ChannelId_3,0
CustomerId_4657,2713.9791666666665,10540.057648220336,65135.5,24,financial_services,ChannelId_3,0
CustomerId_4658,668.0,1256.4521479149137,2004.0,3,airtime,ChannelId_3,1
CustomerId_4659,1070.7692307692307,1460.5219474469936,13920.0,13,financial_services,ChannelId_3,0
CustomerId_466,10000.0,,10000.0,1,financial_services,ChannelId_3,0
CustomerId_4660,698.3333333333334,857.0078762765253,6285.0,9,airtime,ChannelId_3,0
CustomerId_4663,4674.571428571428,7016.419153346651,130888.0,28,financial_services,ChannelId_3,0
CustomerId_4664,917.2727272727273,3517.311731732321,10090.0,11,airtime,ChannelId_3,0
CustomerId_4665,4500.0,9215.02396451939,31500.0,7,airtime,ChannelId_3,1
CustomerId_4666,630.4651162790698,760.8397725332441,27110.0,43,airtime,ChannelId_3,0
CustomerId_4667,1881.0,3334.217216146009,18810.0,10,financial_services,ChannelId_2,0
CustomerId_4669,1250.0,500.0,5000.0,4,airtime,ChannelId_3,0
CustomerId_467,5000.0,,5000.0,1,financial_services,ChannelId_3,1
CustomerId_4670,25333.333333333332,38471.634572327006,152000.0,6,financial_services,ChannelId_3,1
CustomerId_4671,11711.142857142857,23839.081410075145,81978.0,7,financial_services,ChannelId_3,0
CustomerId_4672,35681.818181818184,57348.58022374794,785000.0,22,airtime,ChannelId_3,0
CustomerId_4673,500.0,0.0,2000.0,4,airtime,ChannelId_3,1
CustomerId_4677,1000.0,,1000.0,1,airtime,ChannelId_3,1
CustomerId_4678,750.0,353.5533905932738,1500.0,2,airtime,ChannelId_3,1
CustomerId_468,18103.85714285714,23129.421641627585,126727.0,7,financial_services,ChannelId_3,0
CustomerId_4680,4252.555555555556,9279.263403970244,76546.0,18,financial_services,ChannelId_3,1
CustomerId_4682,1133.3333333333333,1965.6211910402947,6800.0,6,financial_services,ChannelId_2,0
CustomerId_4683,500.0,0.0,1000.0,2,airtime,ChannelId_3,1
CustomerId_4685,320.0,1532.0574401764445,960.0,3,financial_services,ChannelId_2,0
CustomerId_4686,3529.4117647058824,7262.124749847867,60000.0,17,airtime,ChannelId_3,1
CustomerId_4687,1000.0,0.0,2000.0,2,financial_services,ChannelId_3,0
CustomerId_4688,1700.0,3027.9943857279522,8500.0,5,financial_services,ChannelId_2,1
CustomerId_4689,561.875,822.5234088246463,17980.0,32,financial_services,ChannelId_2,0
CustomerId_4691,1000.0,0.0,3000.0,3,airtime,ChannelId_3,1
CustomerId_4693,1333.3333333333333,7767.453465154029,4000.0,3,financial_services,ChannelId_2,0
CustomerId_4694,449.0,599.452528006458,4490.0,10,financial_services,ChannelId_3,0
CustomerId_4697,2155.769230769231,5775.257631353083,84075.0,39,airtime,ChannelId_3,0
CustomerId_4698,1620.0,2302.878633363035,8100.0,5,airtime,ChannelId_3,1
CustomerId_470,6763.1578947368425,11186.597165373878,128500.0,19,financial_services,ChannelId_3,0
CustomerId_4701,2162.5,2543.0051120672174,25950.0,12,airtime,ChannelId_3,0
CustomerId_4702,4444.444444444444,6463.573143221772,40000.0,9,financial_services,ChannelId_3,0
CustomerId_4703,7561.935483870968,10850.337066762744,234420.0,31,financial_services,ChannelId_3,1
CustomerId_4704,278.451875,3064.018842681299,8910.46,32,airtime,ChannelId_5,0
CustomerId_4706,130000.0,,130000.0,1,airtime,ChannelId_3,1
CustomerId_4708,3240.3529411764707,8649.508757897247,165258.0,51,airtime,ChannelId_3,0
CustomerId_4709,3166.6666666666665,7626.707459098367,19000.0,6,airtime,ChannelId_2,1
CustomerId_471,1205.1477272727273,3541.659908709514,106053.0,88,financial_services,ChannelId_3,0
CustomerId_4710,3960.0,7724.9974891191105,118800.0,30,airtime,ChannelId_3,0
CustomerId_4711,7254.0,23860.236101554354,2125422.0,293,financial_services,ChannelId_3,0
CustomerId_4712,2917.6470588235293,6398.460292730358,49600.0,17,airtime,ChannelId_3,0
CustomerId_4713,2252.3809523809523,2734.397382901587,47300.0,21,financial_services,ChannelId_3,0
CustomerId_4714,1000.0,,1000.0,1,airtime,ChannelId_3,1
CustomerId_4715,3800.0,6685.805860178712,19000.0,5,financial_services,ChannelId_3,1
CustomerId_4716,10000.0,,10000.0,1,financial_services,ChannelId_3,0
CustomerId_4717,10000.0,,10000.0,1,airtime,ChannelId_3,0
CustomerId_4719,4761.9047619047615,6268.211562357815,100000.0,21,financial_services,ChannelId_3,0
CustomerId_4721,300.0,1539.4804318340653,900.0,3,financial_services,ChannelId_2,1
CustomerId_4722,1250.1612903225807,1879.0872321470283,77510.0,62,financial_services,ChannelId_3,0
CustomerId_4725,4347.826086956522,6109.6696507345405,100000.0,23,airtime,ChannelId_3,0
CustomerId_4727,3500.0,7681.145747868608,14000.0,4,financial_services,ChannelId_2,0
CustomerId_4728,3437.5,12657.081160362368,168437.5,49,financial_services,ChannelId_3,0
CustomerId_473,1000.0,0.0,3000.0,3,financial_services,ChannelId_3,1
CustomerId_4730,1106.0,2303.406173474405,5530.0,5,financial_services,ChannelId_3,0
CustomerId_4732,1504.2105263157894,3094.062255450188,85740.0,57,financial_services,ChannelId_3,1
CustomerId_4734,487.5,1297.674201536477,1950.0,4,financial_services,ChannelId_2,1
CustomerId_4737,3937.5,5128.265510175653,31500.0,8,airtime,ChannelId_3,0
CustomerId_4738,1147.6190476190477,1610.4864319884994,24100.0,21,financial_services,ChannelId_3,0
CustomerId_474,1791.6666666666667,3068.448922155751,21500.0,12,financial_services,ChannelId_3,1
CustomerId_4740,494.2857142857143,960.9519090092757,3460.0,7,financial_services,ChannelId_3,1
CustomerId_4741,5000.0,6192.320048754497,150000.0,30,financial_services,ChannelId_3,0
CustomerId_4742,1528.5714285714287,2473.5024329307394,10700.0,7,financial_services,ChannelId_3,1
CustomerId_4744,750.0,353.5533905932738,1500.0,2,airtime,ChannelId_3,1
CustomerId_4746,4250.0,5092.010548749033,34000.0,8,financial_services,ChannelId_3,1
CustomerId_4748,589.390243902439,636.4858005723834,72495.0,123,airtime,ChannelId_3,0
CustomerId_4749,785.7142857142857,906.3269671749657,5500.0,7,airtime,ChannelId_3,1
CustomerId_4750,10000.0,,10000.0,1,financial_services,ChannelId_3,1
CustomerId_4753,375.5681818181818,1103.8137987087648,16525.0,44,financial_services,ChannelId_3,0
CustomerId_4755,5000.0,,5000.0,1,financial_services,ChannelId_3,1
CustomerId_4756,5000.0,0.0,10000.0,2,airtime,ChannelId_3,1
CustomerId_4757,735.625,960.9437635297221,11770.0,16,airtime,ChannelId_3,0
CustomerId_4759,399.8936170212766,482.65061780900623,18795.0,47,airtime,ChannelId_3,0
CustomerId_476,4000.0,6745.368781616021,20000.0,5,financial_services,ChannelId_3,0
CustomerId_4763,5000.0,,5000.0,1,financial_services,ChannelId_3,1
CustomerId_4766,1847.5,2537.39942329412,18475.0,10,airtime,ChannelId_2,0
CustomerId_4768,757.2727272727273,957.7537938037387,24990.0,33,financial_services,ChannelId_3,1
CustomerId_4769,130000.0,,130000.0,1,financial_services,ChannelId_3,1
CustomerId_4770,3166.6666666666665,7626.707459098367,19000.0,6,airtime,ChannelId_2,1
CustomerId_4772,500.0,,500.0,1,airtime,ChannelId_3,1
CustomerId_4773,4000.0,1154.7005383792514,16000.0,4,financial_services,ChannelId_3,1
CustomerId_4774,6538.461538461538,8760.688918667889,510000.0,78,financial_services,ChannelId_3,0
CustomerId_4775,2137.6136363636365,5854.37433356572,188110.0,88,financial_services,ChannelId_3,0
CustomerId_4776,360.0,494.70529947973404,1440.0,4,airtime,ChannelId_2,1
CustomerId_4777,800.0,752.772652709081,8000.0,10,airtime,ChannelId_3,1
CustomerId_4779,4000.0,6745.368781616021,20000.0,5,financial_services,ChannelId_3,0
CustomerId_478,3840.0,6732.235884162112,19200.0,5,financial_services,ChannelId_3,1
CustomerId_4782,1216.5753424657535,1664.6865063379234,88810.0,73,financial_services,ChannelId_3,0
CustomerId_4784,1000.0,,1000.0,1,airtime,ChannelId_3,0
CustomerId_4785,1106.7622950819673,1295.1005771803475,135025.0,122,financial_services,ChannelId_3,0
CustomerId_4786,500.0,,500.0,1,airtime,ChannelId_3,0
CustomerId_4787,1060.7142857142858,1181.7939349827045,7425.0,7,airtime,ChannelId_3,0
CustomerId_4788,3166.6666666666665,7626.707459098367,19000.0,6,airtime,ChannelId_2,1
CustomerId_4789,500.0,,500.0,1,airtime,ChannelId_3,1
CustomerId_4790,10000.0,,10000.0,1,financial_services,ChannelId_1,1
CustomerId_4791,1047.7551020408164,2008.7016591425859,51340.0,49,financial_services,ChannelId_3,0
CustomerId_4792,10000.0,,10000.0,1,financial_services,ChannelId_3,1
CustomerId_4794,960.875,3184.8654295726815,38435.0,40,financial_services,ChannelId_2,1
CustomerId_4796,372.5,255.0,1490.0,4,financial_services,ChannelId_3,1
CustomerId_4799,496.6666666666667,839.08680520353,2980.0,6,data_bundles,ChannelId_3,0
CustomerId_480,4615.384615384615,9197.26826779254,60000.0,13,airtime,ChannelId_3,0
CustomerId_4801,823.1726907630522,885.8433961355724,204970.0,249,airtime,ChannelId_3,0
CustomerId_4803,2625.0,2875.388172552906,21000.0,8,financial_services,ChannelId_3,1
CustomerId_4805,4705.882352941177,6302.427170169769,80000.0,17,financial_services,ChannelId_3,0
CustomerId_4806,2871.3541666666665,10091.91553808334,68912.5,24,airtime,ChannelId_3,0
CustomerId_4808,24666.666666666668,47961.7903474561,74000.0,3,financial_services,ChannelId_2,1
CustomerId_4809,3837.1,7901.676994352334,153484.0,40,airtime,ChannelId_3,0
CustomerId_4812,5233.0,14398.86772301621,324446.0,62,financial_services,ChannelId_2,0
CustomerId_4813,1560.8688524590164,3763.518425799967,190426.0,122,financial_services,ChannelId_3,0
CustomerId_4814,2144.0,5863.301987788111,173664.0,81,airtime,ChannelId_3,0
CustomerId_4815,5571.428571428572,9431.456989902512,39000.0,7,financial_services,ChannelId_3,1
CustomerId_4816,640.0,3071.6838487491946,12160.0,19,financial_services,ChannelId_3,0
CustomerId_4817,2175.7741935483873,3746.9188383481514,404694.0,186,airtime,ChannelId_3,0
CustomerId_4818,6947.0,7475.59588706256,111152.0,16,financial_services,ChannelId_3,1
CustomerId_482,10000.0,,10000.0,1,financial_services,ChannelId_3,0
CustomerId_4822,467.5,567.7851706411501,7480.0,16,financial_services,ChannelId_3,0
CustomerId_4823,1250.0,1060.6601717798212,2500.0,2,airtime,ChannelId_3,1
CustomerId_4824,6010.869565217391,8069.321315221889,553000.0,92,airtime,ChannelId_3,0
CustomerId_4825,1000.0,,1000.0,1,airtime,ChannelId_3,0
CustomerId_4826,10000.0,,10000.0,1,airtime,ChannelId_3,0
CustomerId_4827,1052.5,1892.7519353810965,105250.0,100,financial_services,ChannelId_3,0
CustomerId_4828,959.0909090909091,1301.3105282403162,10550.0,11,airtime,ChannelId_3,0
CustomerId_483,1109.047619047619,1704.73940279447,93160.0,84,financial_services,ChannelId_3,0
CustomerId_4830,2000.0,,2000.0,1,financial_services,ChannelId_3,0
CustomerId_4831,1000.0,,1000.0,1,financial_services,ChannelId_3,1
CustomerId_4832,3857.1428571428573,5839.826318356688,81000.0,21,airtime,ChannelId_3,0
CustomerId_4833,4287.474468085106,8715.923102461931,201511.3,47,financial_services,ChannelId_3,0
CustomerId_4834,3838.3636363636365,7681.774414515334,295554.0,77,airtime,ChannelId_3,0
CustomerId_4835,3900.0,6779.70828608757,39000.0,10,airtime,ChannelId_2,1
CustomerId_4836,2000.0,,2000.0,1,airtime,ChannelId_3,1
CustomerId_4837,3333.3333333333335,5698.218754110531,40000.0,12,airtime,ChannelId_3,0
CustomerId_4838,2000.0,,2000.0,1,airtime,ChannelId_3,0
CustomerId_4839,643.4705882352941,1276.6345462605507,10939.0,17,financial_services,ChannelId_3,0
CustomerId_4840,2132.641013824885,7530.796930447946,925566.2,434,financial_services,ChannelId_3,0
CustomerId_4841,1343.007299270073,3521.628305069116,183992.0,137,airtime,ChannelId_3,0
CustomerId_4843,1124.4473684210527,1392.2238616468376,42729.0,38,financial_services,ChannelId_3,0
CustomerId_4845,600.0,0.0,1200.0,2,financial_services,ChannelId_3,1
CustomerId_4846,4006.1521739130435,8199.221329062053,737132.0,184,airtime,ChannelId_3,0
CustomerId_4847,3846.153846153846,5801.3261083466605,100000.0,26,airtime,ChannelId_3,0
CustomerId_4848,5826.666666666667,13347.668960034433,34960.0,6,airtime,ChannelId_3,1
CustomerId_485,623.4782608695652,667.5045706050679,14340.0,23,airtime,ChannelId_3,1
CustomerId_4854,3846.153846153846,9397.217264046432,50000.0,13,financial_services,ChannelId_3,0
CustomerId_4855,356.25,498.48729505708906,1425.0,4,airtime,ChannelId_2,1
CustomerId_4856,549.4444444444445,472.24493409435087,4945.0,9,financial_services,ChannelId_3,1
CustomerId_4857,3333.3333333333335,6088.2400303098,20000.0,6,airtime,ChannelId_3,0
CustomerId_4858,2748.507042253521,7461.487951710512,195144.0,71,financial_services,ChannelId_3,0
CustomerId_4859,200000.0,,200000.0,1,financial_services,ChannelId_3,1
CustomerId_4861,1023.1333333333333,1720.0773421747822,76735.0,75,airtime,ChannelId_3,0
CustomerId_4864,3353.3333333333335,3178.563255279985,100600.0,30,airtime,ChannelId_3,0
CustomerId_4865,1000.0,7937.253933193771,3000.0,3,financial_services,ChannelId_2,1
CustomerId_4866,2500.0,6757.711644237764,10000.0,4,airtime,ChannelId_2,0
CustomerId_4867,2790.2083333333335,4930.42978558334,133930.0,48,airtime,ChannelId_3,0
CustomerId_4868,1000.0,,1000.0,1,financial_services,ChannelId_3,1
CustomerId_487,5000.0,,5000.0,1,financial_services,ChannelId_3,0
CustomerId_4870,757.2352941176471,945.0753626967908,12873.0,17,financial_services,ChannelId_3,0
CustomerId_4872,2857.1428571428573,7160.506765785306,20000.0,7,financial_services,ChannelId_2,1
CustomerId_4873,4511.515463917526,13454.37190249187,875234.0,194,financial_services,ChannelId_3,0
CustomerId_4875,5000.0,0.0,10000.0,2,airtime,ChannelId_3,1
CustomerId_4876,5000.0,,5000.0,1,financial_services,ChannelId_3,0
CustomerId_4877,6083.666666666667,12511.11683758926,91255.0,15,airtime,ChannelId_3,0
CustomerId_4878,247829.07317073172,481438.10289510206,50804960.0,205,financial_services,ChannelId_3,0
CustomerId_4879,244.375,600.389382579577,1955.0,8,airtime,ChannelId_3,0
CustomerId_488,6050.181818181818,7335.23335440914,66552.0,11,financial_services,ChannelId_3,0
CustomerId_4880,3166.6666666666665,7626.707459098367,19000.0,6,airtime,ChannelId_2,1
CustomerId_4882,1496.8425925925926,4314.989880240755,161659.0,108,airtime,ChannelId_3,0
CustomerId_4884,500.0,,500.0,1,airtime,ChannelId_3,1
CustomerId_4887,36500.0,40218.15510438041,182500.0,5,financial_services,ChannelId_3,1
CustomerId_4888,8382.79411764706,18238.011818672538,1140060.0,136,financial_services,ChannelId_3,0
CustomerId_4889,49311.3,53431.07485983955,493113.0,10,financial_services,ChannelId_2,0
CustomerId_489,50000.0,,50000.0,1,financial_services,ChannelId_3,1
CustomerId_4891,2402.2727272727275,4769.208711264556,52850.0,22,financial_services,ChannelId_3,0
CustomerId_4892,5513.913043478261,5892.051455624876,126820.0,23,financial_services,ChannelId_3,0
CustomerId_4893,2000.0,,2000.0,1,financial_services,ChannelId_3,0
CustomerId_4894,660.0,588.8972745734183,1980.0,3,financial_services,ChannelId_3,1
CustomerId_4895,896.7391304347826,2627.350726101231,20625.0,23,financial_services,ChannelId_2,1
CustomerId_4896,4317.64705882353,5521.224643919812,146800.0,34,airtime,ChannelId_3,0
CustomerId_4898,6901.0526315789475,12268.155586602088,131120.0,19,airtime,ChannelId_1,0
CustomerId_4900,881.0,1691.544002120876,8810.0,10,financial_services,ChannelId_2,1
CustomerId_4901,4791.666666666667,6379.172405548399,115000.0,24,financial_services,ChannelId_3,0
CustomerId_4902,4916.666666666667,5125.508104893926,14750.0,3,airtime,ChannelId_3,0
CustomerId_4903,740.0,1506.784656146989,2960.0,4,financial_services,ChannelId_2,1
CustomerId_4904,482.5,553.3469590978676,3860.0,8,airtime,ChannelId_2,1
CustomerId_4906,500.0,,500.0,1,airtime,ChannelId_3,1
CustomerId_4908,1106.5867346938776,2082.3957419051485,108445.5,98,financial_services,ChannelId_3,0
CustomerId_4911,245.0,360.62445840513925,490.0,2,airtime,ChannelId_2,0
CustomerId_4912,11060.098360655738,24746.897093511147,674666.0,61,financial_services,ChannelId_3,0
CustomerId_4913,10000.0,,10000.0,1,financial_services,ChannelId_3,1
CustomerId_4915,983.3333333333334,1025.1016209787854,2950.0,3,financial_services,ChannelId_3,0
CustomerId_4917,2654.5454545454545,2642.011974372424,29200.0,11,airtime,ChannelId_3,0
CustomerId_492,32869.59487179487,89915.91266072735,1281914.2,39,financial_services,ChannelId_3,0
CustomerId_4920,5255.697674418605,9199.109950641667,451990.0,86,airtime,ChannelId_3,0
CustomerId_4921,7500.0,3535.5339059327375,15000.0,2,airtime,ChannelId_3,1
CustomerId_4922,2000.0,,2000.0,1,airtime,ChannelId_3,1
CustomerId_4923,2053.0,4597.158663541838,20530.0,10,airtime,ChannelId_3,1
CustomerId_4924,407.22222222222223,612.245411942339,3665.0,9,airtime,ChannelId_3,0
CustomerId_4925,1197760.0,2132208.9691209914,5988800.0,5,financial_services,ChannelId_3,0
CustomerId_4926,3306.1666666666665,8119.927294113058,357066.0,108,financial_services,ChannelId_3,0
CustomerId_4927,1766.3529411764705,3657.025762257099,120112.0,68,financial_services,ChannelId_3,0
CustomerId_4928,1045.3333333333333,1532.7297088398725,78400.0,75,financial_services,ChannelId_3,0
CustomerId_4929,4000.0,6164.414002968976,40000.0,10,airtime,ChannelId_3,0
CustomerId_493,4378.571428571428,7312.880026755142,30650.0,7,financial_services,ChannelId_3,0
CustomerId_4931,2500.0,,2500.0,1,airtime,ChannelId_3,0
CustomerId_4932,10000.0,,10000.0,1,financial_services,ChannelId_3,0
CustomerId_4933,318.3333333333333,989.412283462595,1910.0,6,financial_services,ChannelId_2,0
CustomerId_4934,1213.3333333333333,1057.3885701270344,21840.0,18,airtime,ChannelId_3,0
CustomerId_4936,2017.4285714285713,4263.607518948038,70610.0,35,financial_services,ChannelId_3,0
CustomerId_4938,1377.0526315789473,2573.827790874134,26164.0,19,financial_services,ChannelId_3,0
CustomerId_4939,8271.70588235294,15162.804472477652,140619.0,17,financial_services,ChannelId_3,1
CustomerId_494,4000.0,6745.368781616021,20000.0,5,financial_services,ChannelId_3,0
CustomerId_4940,3500.0,7013.37068898063,70000.0,20,airtime,ChannelId_2,1
CustomerId_4941,3544.5454545454545,5697.628214680849,38990.0,11,financial_services,ChannelId_3,0
CustomerId_4942,6796.875,7515.505499742959,108750.0,16,financial_services,ChannelId_3,0
CustomerId_4943,4232.241379310345,8177.188258456057,736410.0,174,airtime,ChannelId_3,0
CustomerId_4944,3531.005649717514,16276.252769301513,624988.0,177,airtime,ChannelId_3,0
CustomerId_4945,1215.5091666666667,1203.3913295663906,72930.55,60,financial_services,ChannelId_3,0
CustomerId_4946,1755.857142857143,5028.969676623967,61455.0,35,financial_services,ChannelId_3,0
CustomerId_4947,1373.3333333333333,1341.0070842467612,12360.0,9,airtime,ChannelId_3,0
CustomerId_4948,937.5,176.77669529663686,7500.0,8,financial_services,ChannelId_3,1
CustomerId_4949,2000.0,2121.3203435596424,4000.0,2,airtime,ChannelId_3,1
CustomerId_495,1000.0,,1000.0,1,financial_services,ChannelId_3,0
CustomerId_4951,2000.0,,2000.0,1,airtime,ChannelId_3,1
CustomerId_4953,760.0,1187.9393923933999,1520.0,2,airtime,ChannelId_2,1
CustomerId_4954,1201.8676470588234,1600.9998266420314,81727.0,68,financial_services,ChannelId_3,0
CustomerId_4955,1000.0,0.0,2000.0,2,financial_services,ChannelId_3,0
CustomerId_4956,740.0,1506.784656146989,2960.0,4,financial_services,ChannelId_2,0
CustomerId_4957,1000.0,,1000.0,1,financial_services,ChannelId_3,1
CustomerId_4958,625.1333333333333,898.1104662143792,9377.0,15,airtime,ChannelId_3,0
CustomerId_4959,1065.0,1109.4213759765423,21300.0,20,airtime,ChannelId_3,0
CustomerId_496,880.4166666666666,3687.0708052854648,21130.0,24,financial_services,ChannelId_3,0
CustomerId_4961,4000.0,6164.414002968976,40000.0,10,airtime,ChannelId_3,0
CustomerId_4963,10000.0,,10000.0,1,financial_services,ChannelId_3,1
CustomerId_4965,650.0,606.2177826491071,1950.0,3,airtime,ChannelId_3,1
CustomerId_4968,4000.0,6745.368781616021,20000.0,5,financial_services,ChannelId_3,0
CustomerId_4969,1905.0857142857142,5076.677287596845,133356.0,70,airtime,ChannelId_3,0
CustomerId_497,862.5,871.1821470469498,3450.0,4,financial_services,ChannelId_3,1
CustomerId_4970,1400.0,1810.8009277664953,8400.0,6,financial_services,ChannelId_3,1
CustomerId_4971,6935.087719298245,8171.651590976624,395300.0,57,financial_services,ChannelId_3,0
CustomerId_4972,80000.0,,80000.0,1,financial_services,ChannelId_3,1
CustomerId_4973,500.0,0.0,1000.0,2,airtime,ChannelId_3,0
CustomerId_4976,3800.0,6685.805860178712,19000.0,5,financial_services,ChannelId_3,1
CustomerId_4977,1000.0,,1000.0,1,airtime,ChannelId_3,1
CustomerId_4978,3657.6393442622953,6523.785869244908,223116.0,61,financial_services,ChannelId_3,0
CustomerId_4979,1010.7142857142857,2007.271009296429,7075.0,7,financial_services,ChannelId_2,0
CustomerId_498,4000.0,4109.609335312651,40000.0,10,financial_services,ChannelId_3,0
CustomerId_4980,5377.571428571428,9616.019460449124,75286.0,14,airtime,ChannelId_3,0
CustomerId_4982,1000.0,,1000.0,1,airtime,ChannelId_3,1
CustomerId_4983,1491.957627118644,2578.943261747244,88025.5,59,financial_services,ChannelId_3,0
CustomerId_4984,5000.0,,5000.0,1,financial_services,ChannelId_3,0
CustomerId_4986,10000.0,,10000.0,1,financial_services,ChannelId_3,0
CustomerId_4987,979.535294117647,1251.7537311713515,83260.5,85,financial_services,ChannelId_3,0
CustomerId_4989,5145.454545454545,7150.855002915894,56600.0,11,financial_services,ChannelId_2,0
CustomerId_4990,2489.230769230769,2921.979007154291,129440.0,52,financial_services,ChannelId_3,0
CustomerId_4993,5000.0,,5000.0,1,financial_services,ChannelId_3,1
CustomerId_4994,800.0,1097.0740305792626,12000.0,15,financial_services,ChannelId_3,0
CustomerId_4997,7971.011627906977,20624.680258332526,685507.0,86,financial_services,ChannelId_3,0
CustomerId_4998,3681.875,5593.659806171082,88365.0,24,financial_services,ChannelId_3,0
CustomerId_4999,8234.35,13302.70940853384,164687.0,20,financial_services,ChannelId_3,0
CustomerId_500,1562.5,4083.394071462751,12500.0,8,financial_services,ChannelId_3,1
CustomerId_5000,9040.0,9083.391437123031,45200.0,5,financial_services,ChannelId_3,1
CustomerId_5001,1002.5714285714286,892.3263336438557,7018.0,7,financial_services,ChannelId_3,0
CustomerId_5002,3166.6666666666665,7626.707459098367,19000.0,6,airtime,ChannelId_2,1
CustomerId_5003,1000.0,,1000.0,1,airtime,ChannelId_3,0
CustomerId_5004,12000.0,,12000.0,1,financial_services,ChannelId_3,0
CustomerId_5006,3067.608695652174,10296.980787586279,70555.0,23,financial_services,ChannelId_3,0
CustomerId_5007,5128.368421052632,12057.03992238802,97439.0,19,financial_services,ChannelId_3,0
CustomerId_5008,561.4285714285714,982.8941715062473,3930.0,7,financial_services,ChannelId_3,0
CustomerId_5009,4444.444444444444,6463.573143221772,40000.0,9,financial_services,ChannelId_3,0
CustomerId_501,2500.0,4815.83925108674,35000.0,14,airtime,ChannelId_3,1
CustomerId_5010,233.33333333333334,828.200861305195,1400.0,6,airtime,ChannelId_2,0
CustomerId_5013,1238.5882352941176,1493.8593118141216,42112.0,34,financial_services,ChannelId_3,0
CustomerId_5014,775.5555555555555,579.5050852156949,13960.0,18,airtime,ChannelId_3,0
CustomerId_5015,3333.3333333333335,7206.478566771244,70000.0,21,airtime,ChannelId_3,0
CustomerId_5016,5656.25,11288.656411945423,135750.0,24,airtime,ChannelId_3,0
CustomerId_5018,3913.0434782608695,8033.526585946836,90000.0,23,airtime,ChannelId_3,0
CustomerId_5019,1427.5,1356.3052344103407,39970.0,28,financial_services,ChannelId_3,0
CustomerId_502,2000.0,,2000.0,1,airtime,ChannelId_3,0
CustomerId_5021,1288.75,2561.944248677815,20620.0,16,financial_services,ChannelId_2,1
CustomerId_5022,2643.5416666666665,4122.395525389773,63445.0,24,financial_services,ChannelId_3,0
CustomerId_5024,488.3333333333333,1055.6593516218509,2930.0,6,financial_services,ChannelId_2,1
CustomerId_5026,4000.0,8585.70240075241,60000.0,15,airtime,ChannelId_3,0
CustomerId_5027,2505.3030303030305,3391.7740424891267,82675.0,33,airtime,ChannelId_3,0
CustomerId_5028,237.5,371.23106012293744,475.0,2,airtime,ChannelId_2,1
CustomerId_5029,3276.6666666666665,4028.680511863241,19660.0,6,airtime,ChannelId_3,0
CustomerId_503,3625.0,8416.607731995457,29000.0,8,airtime,ChannelId_2,1
CustomerId_5030,5000.0,,5000.0,1,financial_services,ChannelId_3,1
CustomerId_5031,1431.4858333333334,2266.673502991662,34355.66,24,financial_services,ChannelId_3,0
CustomerId_5032,66366.66666666667,31009.783402446825,398200.0,6,financial_services,ChannelId_3,0
CustomerId_5033,490.8333333333333,592.8238790021463,5890.0,12,airtime,ChannelId_2,0
CustomerId_5034,2000.0,,2000.0,1,airtime,ChannelId_3,1
CustomerId_5035,142700.0,201101.1685694541,285400.0,2,data_bundles,ChannelId_3,0
CustomerId_5036,4000.0,6745.368781616021,20000.0,5,financial_services,ChannelId_3,0
CustomerId_5039,4444.444444444444,8735.00302105144,40000.0,9,financial_services,ChannelId_2,1
CustomerId_504,1000.0,,1000.0,1,airtime,ChannelId_3,1
CustomerId_5040,7297.305555555556,29543.668032078927,262703.0,36,airtime,ChannelId_3,0
CustomerId_5041,8000.0,10545.091150313545,160000.0,20,financial_services,ChannelId_3,1
CustomerId_5042,356.25,498.48729505708906,1425.0,4,airtime,ChannelId_2,0
CustomerId_5043,5000.0,,5000.0,1,financial_services,ChannelId_3,0
CustomerId_5044,6190.7692307692305,7488.281357715379,80480.0,13,financial_services,ChannelId_3,0
CustomerId_5045,500.0,,500.0,1,financial_services,ChannelId_3,1
CustomerId_5046,8000.0,,8000.0,1,financial_services,ChannelId_3,0
CustomerId_5047,701.3888888888889,3184.1656478606565,25250.0,36,airtime,ChannelId_3,0
CustomerId_5048,2096.1576923076923,4845.315618051982,54500.1,26,financial_services,ChannelId_3,0
CustomerId_5049,786.5384615384615,1009.5695960312836,10225.0,13,financial_services,ChannelId_3,0
CustomerId_505,500.0,,500.0,1,airtime,ChannelId_3,1
CustomerId_5050,1000.0,,1000.0,1,financial_services,ChannelId_3,0
CustomerId_5051,1095.7894736842106,1286.84504717491,20820.0,19,financial_services,ChannelId_3,0
CustomerId_5052,2750.0,2061.5528128088304,11000.0,4,financial_services,ChannelId_3,0
CustomerId_5054,51879.01515151515,137039.2940966334,6848030.0,132,airtime,ChannelId_3,0
CustomerId_5056,5882.35294117647,5988.3465261829215,100000.0,17,financial_services,ChannelId_3,0
CustomerId_5057,1313.9772727272727,1957.5781364729926,115630.0,88,airtime,ChannelId_3,0
CustomerId_506,475.0,742.4621202458749,950.0,2,airtime,ChannelId_2,1
CustomerId_5061,5000.0,,5000.0,1,financial_services,ChannelId_3,0
CustomerId_5065,14429.48717948718,26281.90471635509,562750.0,39,airtime,ChannelId_3,0
CustomerId_5067,5040.0,5099.313679310188,25200.0,5,airtime,ChannelId_3,0
CustomerId_5068,10000.0,10350.983390135314,80000.0,8,financial_services,ChannelId_3,1
CustomerId_5069,85.0,744.4796840747234,425.0,5,financial_services,ChannelId_2,1
CustomerId_507,1050.0,70.71067811865476,2100.0,2,airtime,ChannelId_3,1
CustomerId_5073,10370.61475409836,90674.09879328455,1265215.0,122,financial_services,ChannelId_3,0
CustomerId_5074,1022.7586206896551,2536.714194374464,29660.0,29,financial_services,ChannelId_3,1
CustomerId_5076,3800.0,6685.805860178712,19000.0,5,financial_services,ChannelId_3,0
CustomerId_508,4002.9857142857145,5749.483980608279,280209.0,70,airtime,ChannelId_3,0
CustomerId_5080,3166.6666666666665,7626.707459098367,19000.0,6,airtime,ChannelId_2,1
CustomerId_5081,876.3823529411765,1168.7942316260603,44695.5,51,airtime,ChannelId_3,0
CustomerId_5082,4444.444444444444,6554.790444993477,40000.0,9,financial_services,ChannelId_3,1
CustomerId_5085,2242.9375,6566.649835532575,35887.0,16,financial_services,ChannelId_3,0
CustomerId_5087,2000.0,,2000.0,1,airtime,ChannelId_3,1
CustomerId_5089,500.0,,500.0,1,data_bundles,ChannelId_3,1
CustomerId_509,5076.923076923077,6601.281926786878,66000.0,13,financial_services,ChannelId_3,0
CustomerId_5090,4033.3333333333335,5622.021561394229,121000.0,30,airtime,ChannelId_3,0
CustomerId_5091,843.75,862.3369411082886,13500.0,16,airtime,ChannelId_3,1
CustomerId_5092,3636.3636363636365,5903.773831588186,40000.0,11,airtime,ChannelId_3,0
CustomerId_5094,1177.0238095238096,1987.7702483926282,49435.0,42,financial_services,ChannelId_3,0
CustomerId_5095,50000.0,,50000.0,1,financial_services,ChannelId_3,1
CustomerId_5097,4000.0,,4000.0,1,financial_services,ChannelId_3,0
CustomerId_5099,5000.0,,5000.0,1,airtime,ChannelId_3,0
CustomerId_5100,20000.0,0.0,40000.0,2,data_bundles,ChannelId_3,0
CustomerId_5101,4562.857142857143,7748.810046894758,31940.0,7,financial_services,ChannelId_3,1
CustomerId_5103,737.5,525.0,2950.0,4,airtime,ChannelId_3,0
CustomerId_5105,141875.0,162523.34997074815,1135000.0,8,financial_services,ChannelId_3,1
CustomerId_5106,50000.0,0.0,100000.0,2,financial_services,ChannelId_3,0
CustomerId_5107,645.3888888888889,955.9237687357643,11617.0,18,financial_services,ChannelId_3,0
CustomerId_5108,3569.925925925926,6552.515441392458,96388.0,27,financial_services,ChannelId_3,0
CustomerId_511,2000.0,,2000.0,1,financial_services,ChannelId_3,0
CustomerId_5111,3800.0,6685.805860178712,19000.0,5,financial_services,ChannelId_3,1
CustomerId_5112,1000.0,0.0,5000.0,5,airtime,ChannelId_3,1
CustomerId_5113,4000.0,7262.013639842819,80000.0,20,airtime,ChannelId_3,0
CustomerId_5115,2666.6666666666665,2081.6659994661327,8000.0,3,financial_services,ChannelId_3,1
CustomerId_5116,877.6470588235294,799.0113376210996,14920.0,17,airtime,ChannelId_3,0
CustomerId_5118,4444.444444444444,6463.573143221772,40000.0,9,financial_services,ChannelId_3,0
CustomerId_5119,3446.0,7958.237102385036,34460.0,10,financial_services,ChannelId_3,0
CustomerId_5120,10000.0,,10000.0,1,financial_services,ChannelId_3,0
CustomerId_5121,4000.0,6745.368781616021,20000.0,5,financial_services,ChannelId_3,0
CustomerId_5122,4860.7594936708865,10627.71434675805,384000.0,79,airtime,ChannelId_3,1
CustomerId_5123,800000.0,,800000.0,1,financial_services,ChannelId_3,1
CustomerId_5124,10000.0,,10000.0,1,financial_services,ChannelId_3,0
CustomerId_5126,5000.0,0.0,10000.0,2,financial_services,ChannelId_3,1
CustomerId_5127,681.6666666666666,639.9283814094616,2045.0,3,airtime,ChannelId_3,1
CustomerId_5128,28000.0,0.0,56000.0,2,tv,ChannelId_3,0
CustomerId_5129,552.5,1263.2494153435628,23205.0,42,financial_services,ChannelId_3,0
CustomerId_513,1235.9166666666667,1927.283555036765,14831.0,12,financial_services,ChannelId_3,1
CustomerId_5130,1000.0,,1000.0,1,airtime,ChannelId_3,1
CustomerId_5131,5000.0,,5000.0,1,financial_services,ChannelId_3,1
CustomerId_5132,500.0,,500.0,1,airtime,ChannelId_3,1
CustomerId_5133,483.3333333333333,525.1983752196244,1450.0,3,airtime,ChannelId_3,1
CustomerId_5134,4000.0,6745.368781616021,20000.0,5,financial_services,ChannelId_3,0
CustomerId_5137,1000.0,,1000.0,1,airtime,ChannelId_3,1
CustomerId_5138,6005.064935064935,13064.663344129613,1849560.0,308,financial_services,ChannelId_3,0
CustomerId_5139,1000.0,,1000.0,1,airtime,ChannelId_3,1
CustomerId_514,10000.0,0.0,20000.0,2,financial_services,ChannelId_3,1
CustomerId_5140,1544.918699186992,4170.157738875892,190025.0,123,financial_services,ChannelId_3,0
CustomerId_5141,19750.0,40376.354466444835,79000.0,4,financial_services,ChannelId_2,1
CustomerId_5142,10000.0,0.0,30000.0,3,financial_services,ChannelId_3,1
CustomerId_5145,500.0,0.0,1000.0,2,airtime,ChannelId_3,0
CustomerId_5146,24666.666666666668,47961.790347456095,74000.0,3,financial_services,ChannelId_2,1
CustomerId_5147,4285.714285714285,6102.302453836194,30000.0,7,airtime,ChannelId_3,0
CustomerId_5148,1109.524886877828,1780.119027063694,245205.0,221,financial_services,ChannelId_3,0
CustomerId_5149,325.0,303.10889132455355,975.0,3,financial_services,ChannelId_3,0
CustomerId_515,6379.397790055249,11330.460542115643,1154671.0,181,financial_services,ChannelId_3,0
CustomerId_5150,4166.666666666667,7469.128382072355,50000.0,12,airtime,ChannelId_3,0
CustomerId_5152,20479.0,34672.668855390344,204790.0,10,financial_services,ChannelId_3,0
CustomerId_5154,10000.0,,10000.0,1,financial_services,ChannelId_3,1
CustomerId_5155,245669.5867768595,575981.0892329664,29726020.0,121,financial_services,ChannelId_3,0
CustomerId_5156,483.3333333333333,641.3341748336228,7250.0,15,financial_services,ChannelId_3,0
CustomerId_5157,3456.521739130435,6833.927799586449,79500.0,23,airtime,ChannelId_3,0
CustomerId_5159,19195.29411764706,32421.650774915648,326320.0,17,financial_services,ChannelId_3,0
CustomerId_5160,1122.5,1893.21910285856,8980.0,8,financial_services,ChannelId_2,1
CustomerId_5162,1800.0,2167.94833886788,9000.0,5,airtime,ChannelId_3,1
CustomerId_5163,4000.0,8215.838362577491,20000.0,5,airtime,ChannelId_3,1
CustomerId_5164,1923.642857142857,3314.4474565919295,80793.0,42,airtime,ChannelId_3,0
CustomerId_5165,245.0,360.62445840513925,490.0,2,airtime,ChannelId_2,0
CustomerId_5166,21351.11111111111,31025.94899614049,192160.0,9,financial_services,ChannelId_3,0
CustomerId_5167,2500.0,6757.711644237764,10000.0,4,airtime,ChannelId_2,0
CustomerId_5168,4746.666666666667,6172.967180337492,71200.0,15,airtime,ChannelId_3,0
CustomerId_5169,248.33333333333334,689.9396108839285,1490.0,6,financial_services,ChannelId_3,0
CustomerId_517,4000.0,6745.368781616021,20000.0,5,financial_services,ChannelId_3,0
CustomerId_5170,1141.6666666666667,1039.4127129676583,13700.0,12,financial_services,ChannelId_3,1
CustomerId_5171,3913.28,7099.596095401332,293496.0,75,airtime,ChannelId_3,0
CustomerId_5172,4436.538461538462,7618.193621674055,230700.0,52,airtime,ChannelId_3,0
CustomerId_5173,5000.0,6275.716324421889,70000.0,14,financial_services,ChannelId_3,0
CustomerId_5174,426.9767441860465,447.06314797390064,36720.0,86,airtime,ChannelId_3,0
CustomerId_5175,4705.882352941177,6302.427170169769,80000.0,17,financial_services,ChannelId_3,0
CustomerId_5176,2500.0,6508.456038109192,10000.0,4,airtime,ChannelId_2,1
CustomerId_5177,57488.0,83052.49506185831,344928.0,6,financial_services,ChannelId_2,0
CustomerId_5178,4000.0,6745.368781616021,20000.0,5,financial_services,ChannelId_3,0
CustomerId_5179,3000.0,,3000.0,1,airtime,ChannelId_3,0
CustomerId_518,3333.3333333333335,5391.351098441528,20000.0,6,financial_services,ChannelId_3,0
CustomerId_5180,3689.0,6096.674667390413,7378.0,2,financial_services,ChannelId_2,1
CustomerId_5181,4444.444444444444,6463.573143221772,40000.0,9,financial_services,ChannelId_3,0
CustomerId_5183,1000.0,0.0,2000.0,2,financial_services,ChannelId_3,1
CustomerId_5184,500.0,,500.0,1,airtime,ChannelId_3,0
CustomerId_5185,80000.0,,80000.0,1,ticket,ChannelId_1,1
CustomerId_5186,4142.857142857143,7425.823667638301,29000.0,7,airtime,ChannelId_3,1
CustomerId_5189,1000.0,0.0,2000.0,2,airtime,ChannelId_3,0
CustomerId_5194,2001.88,3790.4442130500875,100094.0,50,airtime,ChannelId_3,1
CustomerId_5196,3333.3333333333335,6030.478145774734,20000.0,6,airtime,ChannelId_3,0
CustomerId_5198,3948.2105263157896,4168.848596421204,75016.0,19,financial_services,ChannelId_3,1
CustomerId_5199,5000.0,,5000.0,1,airtime,ChannelId_3,1
CustomerId_520,5789.0,8859.962905997529,138936.0,24,airtime,ChannelId_3,0
CustomerId_5200,6300.0,8081.066536270839,75600.0,12,financial_services,ChannelId_3,0
CustomerId_5201,949.2307692307693,1487.2651721558238,12340.0,13,financial_services,ChannelId_3,1
CustomerId_5202,5714.285714285715,9516.902257112266,40000.0,7,financial_services,ChannelId_3,0
CustomerId_5203,2553.3980582524273,5315.917929956728,263000.0,103,airtime,ChannelId_3,0
CustomerId_5204,3046.4285714285716,4338.710561982597,42650.0,14,financial_services,ChannelId_3,0
CustomerId_5206,4000.0,6558.963332722634,20000.0,5,financial_services,ChannelId_3,1
CustomerId_5207,4000.0,5936.062845461051,80000.0,20,airtime,ChannelId_3,0
CustomerId_5208,6950.0,9417.089728114966,139000.0,20,financial_services,ChannelId_3,0
CustomerId_521,501000.0,705692.5676241744,1002000.0,2,airtime,ChannelId_3,0
CustomerId_5210,5000.0,,5000.0,1,financial_services,ChannelId_3,1
CustomerId_5211,7340.291666666667,13758.823060323208,528501.0,72,financial_services,ChannelId_3,0
CustomerId_5212,4000.0,6558.963332722634,20000.0,5,financial_services,ChannelId_3,1
CustomerId_5214,1000.0,0.0,2000.0,2,financial_services,ChannelId_3,1
CustomerId_5216,4000.0,6745.368781616021,20000.0,5,financial_services,ChannelId_3,0
CustomerId_5218,1305.3870967741937,3618.967206975119,40467.0,31,airtime,ChannelId_3,0
CustomerId_522,203000.0,168008.9283341811,609000.0,3,financial_services,ChannelId_1,1
CustomerId_5221,3166.6666666666665,7626.707459098367,19000.0,6,airtime,ChannelId_2,1
CustomerId_5223,1583.3333333333333,3691.718824448563,19000.0,12,airtime,ChannelId_3,1
CustomerId_5225,4074.074074074074,7210.707454494462,110000.0,27,airtime,ChannelId_3,0
CustomerId_5226,3200.0,7062.98196838377,48000.0,15,airtime,ChannelId_3,0
CustomerId_5227,4444.444444444444,5859.844518225528,40000.0,9,financial_services,ChannelId_3,0
CustomerId_5229,4500.0,5971.360218337431,162000.0,36,airtime,ChannelId_3,0
CustomerId_523,1072.7272727272727,1839.9203293028256,11800.0,11,financial_services,ChannelId_3,1
CustomerId_5231,779.3684210526316,4826.94040672334,14808.0,19,financial_services,ChannelId_3,0
CustomerId_5232,14567.857142857143,32410.495730804298,203950.0,14,financial_services,ChannelId_3,0
CustomerId_5233,2833.3333333333335,3371.4487489307426,17000.0,6,movies,ChannelId_3,1
CustomerId_5236,1726.5277777777778,2271.5975390678727,124310.0,72,airtime,ChannelId_3,0
CustomerId_5237,4000.0,6745.368781616021,20000.0,5,financial_services,ChannelId_3,0
CustomerId_5238,7114.285714285715,18776.974993751428,249000.0,35,financial_services,ChannelId_3,1
CustomerId_5239,5000.0,6511.528238439882,30000.0,6,financial_services,ChannelId_3,0
CustomerId_524,3493.3333333333335,8121.336507414691,20960.0,6,financial_services,ChannelId_2,0
CustomerId_5240,3222.222222222222,9404.49065311059,29000.0,9,financial_services,ChannelId_2,1
CustomerId_5242,4000.0,6745.368781616021,20000.0,5,financial_services,ChannelId_3,0
CustomerId_5243,2750.0,3181.9805153394636,5500.0,2,airtime,ChannelId_3,1
CustomerId_5245,8416.666666666666,22642.069987819872,101000.0,12,airtime,ChannelId_3,0
CustomerId_5246,1000.0,,1000.0,1,financial_services,ChannelId_3,0
CustomerId_5248,2333.3333333333335,5175.700801618926,28000.0,12,airtime,ChannelId_3,0
CustomerId_5249,4444.444444444444,6463.573143221772,40000.0,9,financial_services,ChannelId_3,0
CustomerId_525,2500.0,6757.711644237764,10000.0,4,airtime,ChannelId_2,0
CustomerId_5251,4083.3333333333335,7391.128998927557,49000.0,12,airtime,ChannelId_3,1
CustomerId_5253,3166.6666666666665,7626.707459098367,19000.0,6,airtime,ChannelId_2,1
CustomerId_5254,9561.42857142857,17881.93750899578,334650.0,35,airtime,ChannelId_3,0
CustomerId_5255,50000.0,,50000.0,1,financial_services,ChannelId_3,1
CustomerId_5256,4444.444444444444,6572.869569608464,80000.0,18,airtime,ChannelId_3,0
CustomerId_5257,6667.5,9374.692358588723,80010.0,12,airtime,ChannelId_3,1
CustomerId_5258,5000.0,7756.717518813398,65000.0,13,airtime,ChannelId_3,0
CustomerId_5259,3571.4285714285716,7303.4689936125105,50000.0,14,airtime,ChannelId_3,0
CustomerId_5260,5187.5,6531.938717123371,249000.0,48,airtime,ChannelId_3,0
CustomerId_5261,3697.6744186046512,6451.0053986473795,159000.0,43,airtime,ChannelId_3,0
CustomerId_5262,4285.714285714285,7994.8925495160265,120000.0,28,airtime,ChannelId_3,0
CustomerId_5263,4230.7692307692305,6418.123377772329,55000.0,13,financial_services,ChannelId_3,0
CustomerId_5264,10000.0,,10000.0,1,airtime,ChannelId_1,1
CustomerId_5265,2777.777777777778,6292.437623197393,50000.0,18,airtime,ChannelId_3,0
CustomerId_5266,3465.761509433962,5112.427030201618,183685.36,53,financial_services,ChannelId_3,0
CustomerId_5267,24666.666666666668,47961.7903474561,74000.0,3,financial_services,ChannelId_2,1
CustomerId_5269,2666.6666666666665,5174.341457983763,40000.0,15,airtime,ChannelId_3,0
CustomerId_527,2000.0,,2000.0,1,financial_services,ChannelId_3,1
CustomerId_5271,3428.5714285714284,6464.999496318229,120000.0,35,airtime,ChannelId_3,0
CustomerId_5272,4074.074074074074,7554.549958218892,110000.0,27,airtime,ChannelId_3,0
CustomerId_5273,11111.111111111111,10564.615994493652,100000.0,9,financial_services,ChannelId_3,0
CustomerId_5274,1514.5833333333333,1644.2306107935674,27262.5,18,financial_services,ChannelId_3,0
CustomerId_5276,1250.0,3269.174207655505,3750.0,3,financial_services,ChannelId_2,0
CustomerId_5277,4000.0,7262.013639842819,80000.0,20,airtime,ChannelId_3,0
CustomerId_5278,4000.0,6745.368781616021,20000.0,5,financial_services,ChannelId_3,0
CustomerId_528,4913.75,3843.907517097673,78620.0,16,financial_services,ChannelId_3,0
CustomerId_5280,3545.4545454545455,7501.514998500454,39000.0,11,airtime,ChannelId_3,1
CustomerId_5281,2857.1428571428573,5632.600684958102,20000.0,7,airtime,ChannelId_3,0
CustomerId_5282,4928.571428571428,7130.263623503646,69000.0,14,airtime,ChannelId_3,1
CustomerId_5283,88482.75862068965,77883.78278364279,2566000.0,29,financial_services,ChannelId_3,1
CustomerId_5284,1024.5454545454545,1404.475799979221,11270.0,11,financial_services,ChannelId_3,1
CustomerId_5285,3794.1176470588234,6479.709176810545,129000.0,34,airtime,ChannelId_3,0
CustomerId_5286,4297.2972972972975,7202.873133783586,159000.0,37,airtime,ChannelId_3,0
CustomerId_5287,2500.0,6757.711644237764,10000.0,4,airtime,ChannelId_2,0
CustomerId_5289,6250.0,8935.173939735776,100000.0,16,financial_services,ChannelId_3,1
CustomerId_529,957.1052631578947,1337.67970318163,18185.0,19,airtime,ChannelId_3,0
CustomerId_5290,5714.285714285715,6369.570517030844,40000.0,7,financial_services,ChannelId_3,0
CustomerId_5291,3333.3333333333335,6088.2400303098,20000.0,6,airtime,ChannelId_3,0
CustomerId_5292,5714.285714285715,6237.368187365718,40000.0,7,financial_services,ChannelId_3,0
CustomerId_5293,6000.0,5667.246582206336,210000.0,35,financial_services,ChannelId_3,0
CustomerId_5294,4285.714285714285,6102.302453836194,30000.0,7,financial_services,ChannelId_3,0
CustomerId_5297,448000.0,,448000.0,1,transport,ChannelId_3,0
CustomerId_5298,3333.3333333333335,3265.986323710904,20000.0,6,airtime,ChannelId_3,0
CustomerId_530,6121.25,7904.528075032883,367275.0,60,airtime,ChannelId_3,0
CustomerId_531,622.5,801.2702982821033,7470.0,12,financial_services,ChannelId_3,0
CustomerId_532,3000.0,,3000.0,1,airtime,ChannelId_3,0
CustomerId_533,5200.0,4751.31560728184,26000.0,5,financial_services,ChannelId_3,0
CustomerId_5338,1000.0,,1000.0,1,airtime,ChannelId_3,1
CustomerId_5339,1000.0,0.0,3000.0,3,airtime,ChannelId_3,0
CustomerId_534,1432.5,2439.5815898086566,5730.0,4,airtime,ChannelId_2,1
CustomerId_535,1000.0,,1000.0,1,utility_bill,ChannelId_3,0
CustomerId_539,1413.125,1668.5591339036603,22610.0,16,financial_services,ChannelId_3,0
CustomerId_540,10000.0,,10000.0,1,financial_services,ChannelId_3,1
CustomerId_541,1670.4107142857142,3366.1027059372364,46771.5,28,airtime,ChannelId_3,0
CustomerId_542,2535.0,5057.624607131956,10140.0,4,financial_services,ChannelId_2,0
CustomerId_543,1582.142857142857,2864.3497447618824,44300.0,28,financial_services,ChannelId_3,1
CustomerId_544,500.0,0.0,2500.0,5,financial_services,ChannelId_3,1
CustomerId_545,500.0,,500.0,1,airtime,ChannelId_3,1
CustomerId_546,3166.6666666666665,7626.707459098367,19000.0,6,airtime,ChannelId_2,1
CustomerId_547,3166.6666666666665,7626.707459098367,19000.0,6,airtime,ChannelId_2,1
CustomerId_549,4878.484848484848,5935.572908959653,160990.0,33,financial_services,ChannelId_3,0
CustomerId_550,4545.454545454545,6162.306871134055,100000.0,22,airtime,ChannelId_3,0
CustomerId_551,5596.857142857143,5500.806226623253,39178.0,7,financial_services,ChannelId_3,1
CustomerId_556,1420.9285714285713,2764.100788984611,258609.0,182,airtime,ChannelId_3,0
CustomerId_558,1378.076923076923,2385.9829721919104,17915.0,13,financial_services,ChannelId_3,0
CustomerId_559,4000.0,7230.886134196436,60000.0,15,airtime,ChannelId_3,0
CustomerId_560,4000.0,6850.425777521667,100000.0,25,airtime,ChannelId_3,1
CustomerId_561,3846.153846153846,6488.401881384889,50000.0,13,airtime,ChannelId_3,0
CustomerId_563,2151.5409836065573,11556.259881659766,131244.0,61,airtime,ChannelId_3,0
CustomerId_565,2500.0,6757.711644237764,10000.0,4,airtime,ChannelId_2,0
CustomerId_566,50000.0,,50000.0,1,financial_services,ChannelId_3,1
CustomerId_567,2766.590909090909,3338.2107362947327,60865.0,22,airtime,ChannelId_3,0
CustomerId_568,1000.0,,1000.0,1,airtime,ChannelId_3,1
CustomerId_571,475.0,1063.8373935898287,2850.0,6,airtime,ChannelId_2,0
CustomerId_572,3731.818181818182,6613.665164143789,123150.0,33,financial_services,ChannelId_3,0
CustomerId_573,10000.0,,10000.0,1,financial_services,ChannelId_1,1
CustomerId_574,245.0,959.218431849597,980.0,4,financial_services,ChannelId_2,0
CustomerId_575,1405.5555555555557,1777.0137247015787,12650.0,9,financial_services,ChannelId_3,0
CustomerId_576,500.0,,500.0,1,airtime,ChannelId_3,0
CustomerId_577,500.0,,500.0,1,financial_services,ChannelId_3,0
CustomerId_578,3063.157894736842,4941.205490151815,58200.0,19,airtime,ChannelId_1,1
CustomerId_581,500.0,0.0,1000.0,2,airtime,ChannelId_3,1
CustomerId_582,1095.0,2305.184374404789,5475.0,5,financial_services,ChannelId_3,0
CustomerId_583,1750.0,866.0254037844386,7000.0,4,financial_services,ChannelId_3,0
CustomerId_584,4000.0,6745.368781616021,20000.0,5,financial_services,ChannelId_3,0
CustomerId_585,618.75,750.208304406183,4950.0,8,financial_services,ChannelId_3,1
CustomerId_586,3166.6666666666665,7626.707459098367,19000.0,6,airtime,ChannelId_2,1
CustomerId_587,1000.0,,1000.0,1,financial_services,ChannelId_3,0
CustomerId_588,1035.1851851851852,1954.7464332321003,27950.0,27,financial_services,ChannelId_3,1
CustomerId_590,1000.0,,1000.0,1,financial_services,ChannelId_3,0
CustomerId_592,1025.3365384615386,1891.6921413081282,106635.0,104,financial_services,ChannelId_3,0
CustomerId_593,359.1666666666667,765.2477812229623,2155.0,6,airtime,ChannelId_3,0
CustomerId_594,396.6923076923077,5972.953392650008,5157.0,13,airtime,ChannelId_5,0
CustomerId_595,2000.0,,2000.0,1,airtime,ChannelId_3,1
CustomerId_596,5000.0,,5000.0,1,financial_services,ChannelId_3,1
CustomerId_598,2015.0,3342.588817069787,8060.0,4,airtime,ChannelId_3,1
CustomerId_599,42883.333333333336,102304.2860980076,1286500.0,30,airtime,ChannelId_3,1
CustomerId_600,1926.111111111111,2217.27150992339,52005.0,27,airtime,ChannelId_3,1
CustomerId_601,6076.923076923077,5563.445252442328,79000.0,13,airtime,ChannelId_3,1
CustomerId_602,100000.0,,100000.0,1,financial_services,ChannelId_3,1
CustomerId_603,40000.0,51961.52422706632,120000.0,3,financial_services,ChannelId_3,1
CustomerId_604,1000.0,0.0,3000.0,3,airtime,ChannelId_3,1
CustomerId_605,569.28,1120.874938013455,14232.0,25,airtime,ChannelId_3,0
CustomerId_606,4434.423076923077,15378.791975696126,922360.0,208,airtime,ChannelId_3,0
CustomerId_607,4000.0,6745.368781616021,20000.0,5,financial_services,ChannelId_3,0
CustomerId_609,1713.8235294117646,2141.042042887473,29135.0,17,financial_services,ChannelId_3,0
CustomerId_610,4791.2242682926835,9388.536719396392,392880.39,82,financial_services,ChannelId_3,0
CustomerId_611,3000.0,2828.42712474619,6000.0,2,financial_services,ChannelId_3,1
CustomerId_612,1263.0263157894738,1674.3136469843253,47995.0,38,airtime,ChannelId_3,0
CustomerId_613,1106.25,1821.3883048770401,8850.0,8,airtime,ChannelId_3,1
CustomerId_614,633.0,429.4706043491219,3165.0,5,airtime,ChannelId_3,1
CustomerId_619,5232.058823529412,6630.92684387511,88945.0,17,financial_services,ChannelId_3,0
CustomerId_620,24000.0,43405.06882842141,144000.0,6,financial_services,ChannelId_2,1
CustomerId_621,4444.444444444444,6463.573143221772,40000.0,9,financial_services,ChannelId_3,0
CustomerId_622,3800.0,6685.805860178712,19000.0,5,financial_services,ChannelId_3,1
CustomerId_624,500.0,,500.0,1,airtime,ChannelId_3,0
CustomerId_625,4635.360975609756,22769.799900875725,950249.0,205,financial_services,ChannelId_3,1
CustomerId_627,1243.609022556391,2752.6052338196464,165400.0,133,airtime,ChannelId_3,1
CustomerId_629,4000.0,6745.368781616021,20000.0,5,financial_services,ChannelId_3,0
CustomerId_630,500.0,,500.0,1,airtime,ChannelId_3,1
CustomerId_633,2163.3333333333335,1945.2677622031026,12980.0,6,airtime,ChannelId_3,0
CustomerId_636,547.5555555555555,920.3276480677845,24640.0,45,financial_services,ChannelId_3,0
CustomerId_638,3166.6666666666665,7626.707459098367,19000.0,6,airtime,ChannelId_2,1
CustomerId_639,3800.0,6685.805860178712,19000.0,5,financial_services,ChannelId_3,1
CustomerId_640,3220.5263157894738,5278.2367359692835,61190.0,19,financial_services,ChannelId_3,0
CustomerId_642,714.2857142857143,1253.5663410560176,5000.0,7,airtime,ChannelId_3,0
CustomerId_643,10000.0,,10000.0,1,financial_services,ChannelId_3,0
CustomerId_644,500.0,,500.0,1,data_bundles,ChannelId_3,1
CustomerId_645,3571.4285714285716,6595.0364285957885,50000.0,14,airtime,ChannelId_3,0
CustomerId_647,1944.1219903691813,7715.389536615688,3633564.0,1869,airtime,ChannelId_3,0
CustomerId_648,1861.904761904762,2197.720680722687,39100.0,21,airtime,ChannelId_3,0
CustomerId_650,100000.0,,100000.0,1,financial_services,ChannelId_3,0
CustomerId_651,3625.0,7586.995452746759,14500.0,4,financial_services,ChannelId_2,1
CustomerId_652,4367.570388349514,14685.678261362014,899719.5,206,financial_services,ChannelId_3,0
CustomerId_653,720.2777777777778,972.24795950994,12965.0,18,airtime,ChannelId_3,0
CustomerId_654,15000.0,,15000.0,1,financial_services,ChannelId_3,1
CustomerId_655,4150.943396226415,6082.671561382997,220000.0,53,airtime,ChannelId_3,0
CustomerId_656,833.8461538461538,998.6702697548916,10840.0,13,financial_services,ChannelId_3,0
CustomerId_658,1245.0,2633.141343212197,4980.0,4,financial_services,ChannelId_2,0
CustomerId_660,5977.083333333333,6073.030351062601,143450.0,24,financial_services,ChannelId_3,0
CustomerId_661,1886.991935483871,3588.5170646816873,233987.0,124,airtime,ChannelId_3,0
CustomerId_662,2000.0,0.0,4000.0,2,financial_services,ChannelId_3,1
CustomerId_664,60000.0,0.0,120000.0,2,financial_services,ChannelId_3,0
CustomerId_665,2272.239076923077,5149.137605388891,590782.16,260,financial_services,ChannelId_3,0
CustomerId_666,3166.6666666666665,7626.707459098367,19000.0,6,airtime,ChannelId_2,1
CustomerId_667,5714.285714285715,9516.902257112266,40000.0,7,financial_services,ChannelId_3,0
CustomerId_668,2000.0,,2000.0,1,financial_services,ChannelId_3,1
CustomerId_672,50.0,2826.445312304534,1500.0,30,financial_services,ChannelId_2,1
CustomerId_673,135.0,689.1117471063747,675.0,5,financial_services,ChannelId_3,1
CustomerId_677,4000.0,6745.368781616021,20000.0,5,financial_services,ChannelId_3,0
CustomerId_680,1613.076923076923,3053.0514369926814,20970.0,13,airtime,ChannelId_3,0
CustomerId_681,992.0,15545.03547760506,1984.0,2,financial_services,ChannelId_3,0
CustomerId_682,7498.570093457944,73230.69667621359,3209388.0,428,airtime,ChannelId_3,0
CustomerId_683,3869.5652173913045,1604.095548788871,89000.0,23,utility_bill,ChannelId_3,0
CustomerId_684,3076.923076923077,8179.501583461314,80000.0,26,financial_services,ChannelId_2,1
CustomerId_687,25500.0,34648.23227814083,51000.0,2,airtime,ChannelId_3,0
CustomerId_689,2701.6666666666665,4135.700263155765,16210.0,6,airtime,ChannelId_2,0
CustomerId_690,2386.3125,5998.950260601155,38181.0,16,financial_services,ChannelId_3,0
CustomerId_691,7058.823529411765,24283.251914218818,120000.0,17,airtime,ChannelId_3,0
CustomerId_692,4000.0,6745.368781616021,20000.0,5,financial_services,ChannelId_3,0
CustomerId_693,200000.0,,200000.0,1,financial_services,ChannelId_3,1
CustomerId_694,275.0,704.0063920164362,1925.0,7,airtime,ChannelId_3,1
CustomerId_695,1000.0,,1000.0,1,airtime,ChannelId_3,1
CustomerId_696,3166.6666666666665,7626.707459098367,19000.0,6,airtime,ChannelId_2,1
CustomerId_697,500.0,0.0,1000.0,2,airtime,ChannelId_3,1
CustomerId_698,15325.581395348838,76003.7940563723,659000.0,43,airtime,ChannelId_3,0
CustomerId_699,3906.818181818182,7528.612844584078,42975.0,11,airtime,ChannelId_3,0
CustomerId_700,392.9166666666667,505.50028260554484,14145.0,36,financial_services,ChannelId_3,0
CustomerId_701,10000.0,,10000.0,1,financial_services,ChannelId_3,1
CustomerId_702,6125.0,8147.596782692019,98000.0,16,financial_services,ChannelId_3,0
CustomerId_703,2000.0,,2000.0,1,financial_services,ChannelId_3,1
CustomerId_704,25500.0,34648.23227814083,51000.0,2,airtime,ChannelId_3,1
CustomerId_705,1000.0,,1000.0,1,airtime,ChannelId_3,1
CustomerId_706,2875.0,2462.214450449026,11500.0,4,financial_services,ChannelId_3,0
CustomerId_707,4285.714285714285,7198.214064216604,90000.0,21,airtime,ChannelId_3,0
CustomerId_708,888.8888888888889,893.6504412303007,8000.0,9,financial_services,ChannelId_3,0
CustomerId_709,1000.0,0.0,3000.0,3,financial_services,ChannelId_3,1
CustomerId_710,6000.0,1414.213562373095,12000.0,2,airtime,ChannelId_1,1
CustomerId_711,500.0,0.0,1000.0,2,airtime,ChannelId_3,0
CustomerId_7112,35000.0,0.0,70000.0,2,utility_bill,ChannelId_3,1
CustomerId_712,1257.5757575757575,2042.4413551908754,41500.0,33,financial_services,ChannelId_3,0
CustomerId_713,6363.636363636364,8999.950669350357,280000.0,44,financial_services,ChannelId_3,0
CustomerId_714,522.9166666666666,606.4829412036373,12550.0,24,airtime,ChannelId_3,0
CustomerId_715,10000.0,0.0,20000.0,2,financial_services,ChannelId_3,1
CustomerId_716,1000.0,,1000.0,1,airtime,ChannelId_3,1
CustomerId_717,1998.4217391304346,2204.194223047284,45963.7,23,financial_services,ChannelId_3,0
CustomerId_718,3391.15,5136.550281797687,135646.0,40,financial_services,ChannelId_3,0
CustomerId_720,1500.0,,1500.0,1,financial_services,ChannelId_3,0
CustomerId_723,8333.333333333334,2886.7513459481293,25000.0,3,financial_services,ChannelId_3,1
CustomerId_727,2152.6923076923076,3689.467774833989,55970.0,26,financial_services,ChannelId_3,0
CustomerId_728,10000.0,,10000.0,1,financial_services,ChannelId_3,1
CustomerId_729,2118.0,2503.8006665423222,21180.0,10,airtime,ChannelId_3,0
CustomerId_730,4444.444444444444,6559.556218051475,40000.0,9,financial_services,ChannelId_3,0
CustomerId_732,650.0,542.2176684690384,3900.0,6,financial_services,ChannelId_3,1
CustomerId_7321,10000.0,0.0,60000.0,6,airtime,ChannelId_3,1
CustomerId_7323,10000.0,0.0,20000.0,2,financial_services,ChannelId_3,1
CustomerId_7324,9999.0,0.0,19998.0,2,financial_services,ChannelId_3,1
CustomerId_7325,5000.0,0.0,10000.0,2,financial_services,ChannelId_3,1
CustomerId_7326,10833.333333333334,7359.800721939872,65000.0,6,financial_services,ChannelId_3,0
CustomerId_7327,1170.0,1779.5442612584204,11700.0,10,financial_services,ChannelId_3,1
CustomerId_7328,61200.0,53147.90682613945,306000.0,5,financial_services,ChannelId_3,1
CustomerId_7329,20000.0,25980.76211353316,60000.0,3,financial_services,ChannelId_3,1
CustomerId_733,5500.0,6363.961030678927,11000.0,2,financial_services,ChannelId_3,1
CustomerId_7331,500.0,,500.0,1,financial_services,ChannelId_3,1
CustomerId_734,5154.268292682927,11067.902404287546,422650.0,82,financial_services,ChannelId_3,0
CustomerId_735,4500.0,8812.869377601524,18000.0,4,financial_services,ChannelId_2,0
CustomerId_738,500.0,,500.0,1,airtime,ChannelId_3,0
CustomerId_739,3750.0,7094.061903149301,30000.0,8,airtime,ChannelId_2,1
CustomerId_740,1333.3333333333333,7767.453465154029,4000.0,3,financial_services,ChannelId_2,1
CustomerId_7413,500.0,0.0,1000.0,2,financial_services,ChannelId_1,0
CustomerId_7414,815000.0,127279.22061357855,1630000.0,2,financial_services,ChannelId_1,1
CustomerId_7415,500.0,,500.0,1,financial_services,ChannelId_1,1
CustomerId_7416,880000.0,,880000.0,1,financial_services,ChannelId_1,0
CustomerId_7417,98000.0,137885.82233137678,196000.0,2,financial_services,ChannelId_1,0
CustomerId_7418,361000.0,,361000.0,1,financial_services,ChannelId_1,1
CustomerId_742,2750.0,3181.9805153394636,5500.0,2,airtime,ChannelId_3,1
CustomerId_745,500.0,,500.0,1,airtime,ChannelId_3,0
CustomerId_7453,500.0,0.0,3000.0,6,financial_services,ChannelId_1,1
CustomerId_746,1000.0,,1000.0,1,financial_services,ChannelId_3,0
CustomerId_7478,500.0,,500.0,1,financial_services,ChannelId_1,0
CustomerId_7479,500.0,,500.0,1,financial_services,ChannelId_1,0
CustomerId_748,2333.3333333333335,6658.328118479393,7000.0,3,financial_services,ChannelId_2,1
CustomerId_749,1500.0,3535.5339059327375,3000.0,2,airtime,ChannelId_2,1
CustomerId_753,2000.0,,2000.0,1,financial_services,ChannelId_3,1
CustomerId_754,237.5,962.0940702446928,950.0,4,financial_services,ChannelId_2,0
CustomerId_755,500.0,,500.0,1,data_bundles,ChannelId_3,1
CustomerId_756,5000.0,,5000.0,1,airtime,ChannelId_3,1
CustomerId_759,5840.463333333333,11432.967173174018,876069.5,150,financial_services,ChannelId_3,0
CustomerId_760,5454.545454545455,8214.665378013111,60000.0,11,financial_services,ChannelId_3,0
CustomerId_761,1776.7621951219512,3681.90646112862,291389.0,164,airtime,ChannelId_3,0
CustomerId_764,5000.0,5953.150426454887,90000.0,18,financial_services,ChannelId_3,0
CustomerId_767,1118.75,2661.091176566485,4475.0,4,financial_services,ChannelId_2,0
CustomerId_768,1000.0,0.0,2000.0,2,airtime,ChannelId_3,1
CustomerId_770,1385.2619047619048,1748.1197586195835,29090.5,21,financial_services,ChannelId_3,0
CustomerId_771,2000.0,,2000.0,1,financial_services,ChannelId_3,0
CustomerId_773,4000.0,6745.368781616021,20000.0,5,financial_services,ChannelId_3,0
CustomerId_774,1333.3333333333333,2680.664123855791,32000.0,24,airtime,ChannelId_3,0
CustomerId_775,1475.15625,2128.6522634449607,47205.0,32,airtime,ChannelId_3,0
CustomerId_776,1885.754716981132,5039.946046359793,99945.0,53,airtime,ChannelId_3,0
CustomerId_778,10000.0,,10000.0,1,financial_services,ChannelId_3,1
CustomerId_779,5000.0,7071.067811865475,20000.0,4,airtime,ChannelId_3,1
CustomerId_780,1475.0,2665.0515942472857,5900.0,4,financial_services,ChannelId_2,0
CustomerId_781,2000.0,,2000.0,1,financial_services,ChannelId_3,1
CustomerId_784,1582.751461988304,5184.821579939533,270650.5,171,financial_services,ChannelId_3,0
CustomerId_785,50000.0,,50000.0,1,financial_services,ChannelId_3,0
CustomerId_786,1795.9971014492753,6976.325003517062,123923.8,69,financial_services,ChannelId_3,0
CustomerId_787,1000.0,,1000.0,1,airtime,ChannelId_3,1
CustomerId_789,2500.0,6757.711644237764,10000.0,4,airtime,ChannelId_2,0
CustomerId_790,3412.7875000000004,6665.834287612663,491441.4,144,financial_services,ChannelId_3,0
CustomerId_791,659.53125,640.1541641125558,21105.0,32,airtime,ChannelId_3,0
CustomerId_793,2498.8333333333335,4498.056344554599,29986.0,12,airtime,ChannelId_3,0
CustomerId_795,750.0,353.5533905932738,1500.0,2,airtime,ChannelId_3,1
CustomerId_797,3656.826153846154,12677.393205356202,237693.7,65,airtime,ChannelId_3,0
CustomerId_798,14075.0,30411.997358498724,140750.0,10,financial_services,ChannelId_3,0
CustomerId_799,4000.0,6745.368781616021,20000.0,5,financial_services,ChannelId_3,0
CustomerId_800,5643.441666666667,12978.235742016444,338606.5,60,financial_services,ChannelId_3,0
CustomerId_801,1625.0,2690.6783531295596,9750.0,6,financial_services,ChannelId_2,0
CustomerId_804,6000.0,2000.0,24000.0,4,financial_services,ChannelId_3,1
CustomerId_806,3596.0014362657093,38535.62191423637,2002972.8,557,financial_services,ChannelId_3,0
CustomerId_807,980.0,1433.2248020925863,3920.0,4,airtime,ChannelId_2,1
CustomerId_808,1060.8333333333333,1107.5813065300051,31825.0,30,financial_services,ChannelId_3,0
CustomerId_810,2990.923076923077,3966.8924542505238,38882.0,13,airtime,ChannelId_3,0
CustomerId_812,1000.0,,1000.0,1,financial_services,ChannelId_3,0
CustomerId_814,6166.176470588235,8833.493137664704,419300.0,68,financial_services,ChannelId_3,0
CustomerId_816,333.3333333333333,1154.7005383792516,1000.0,3,financial_services,ChannelId_3,1
CustomerId_821,3824.4,5067.291984219316,26770.8,7,financial_services,ChannelId_3,0
CustomerId_823,4166.666666666667,5743.856201017833,100000.0,24,airtime,ChannelId_3,0
CustomerId_824,5000.0,,5000.0,1,utility_bill,ChannelId_3,1
CustomerId_825,2093.75,3398.780418522699,33500.0,16,airtime,ChannelId_3,1
CustomerId_826,750.0,353.5533905932738,1500.0,2,financial_services,ChannelId_3,1
CustomerId_827,1000.0,,1000.0,1,airtime,ChannelId_3,1
CustomerId_828,3066.3846153846152,9035.745122737633,39863.0,13,airtime,ChannelId_3,0
CustomerId_829,1425.0,2227.3863607376247,2850.0,2,airtime,ChannelId_2,1
CustomerId_830,5714.285714285715,9516.902257112268,40000.0,7,financial_services,ChannelId_3,0
CustomerId_832,358.125,459.7665362519796,2865.0,8,airtime,ChannelId_2,1
CustomerId_834,300000.0,,300000.0,1,financial_services,ChannelId_3,1
CustomerId_838,1000.0,,1000.0,1,airtime,ChannelId_3,1
CustomerId_839,4672.049382716049,6994.941972420562,378436.0,81,financial_services,ChannelId_3,0
CustomerId_840,1453.4782608695652,2872.044898192436,33430.0,23,financial_services,ChannelId_3,0
CustomerId_841,892.8571428571429,902.5097282156073,6250.0,7,financial_services,ChannelId_3,1
CustomerId_842,471.1111111111111,985.7635929121703,4240.0,9,financial_services,ChannelId_2,1
CustomerId_843,997.6785714285714,941.5329129618763,27935.0,28,financial_services,ChannelId_3,0
CustomerId_844,10000.0,0.0,30000.0,3,airtime,ChannelId_3,1
CustomerId_845,4000.0,6745.368781616021,20000.0,5,financial_services,ChannelId_3,0
CustomerId_846,8200.0,23805.461558222305,41000.0,5,financial_services,ChannelId_3,1
CustomerId_847,2714.285714285714,4855.041562276122,19000.0,7,financial_services,ChannelId_3,1
CustomerId_848,3166.6666666666665,7626.707459098367,19000.0,6,airtime,ChannelId_2,1
CustomerId_851,750.0,353.5533905932738,1500.0,2,financial_services,ChannelId_3,0
CustomerId_853,3571.4285714285716,5304.495447982961,100000.0,28,airtime,ChannelId_3,0
CustomerId_854,2750.0,3181.9805153394636,5500.0,2,airtime,ChannelId_3,0
CustomerId_855,6666.666666666667,9831.92080250175,40000.0,6,airtime,ChannelId_3,0
CustomerId_856,600200.0,334962.9830294685,3001000.0,5,financial_services,ChannelId_3,0
CustomerId_857,3571.4285714285716,8741.715073003834,50000.0,14,financial_services,ChannelId_2,0
CustomerId_858,2023.25,3079.907824033936,24279.0,12,financial_services,ChannelId_3,0
CustomerId_860,3589.74358974359,6794.107155306485,140000.0,39,airtime,ChannelId_3,0
CustomerId_861,10000.0,,10000.0,1,financial_services,ChannelId_1,1
CustomerId_863,25000.0,,25000.0,1,financial_services,ChannelId_3,1
CustomerId_864,10000.0,0.0,20000.0,2,financial_services,ChannelId_3,1
CustomerId_865,44674.43137254902,157486.10292305218,2278396.0,51,financial_services,ChannelId_3,0
CustomerId_867,20000.0,,20000.0,1,financial_services,ChannelId_3,0
CustomerId_868,900.0,,900.0,1,airtime,ChannelId_3,1
CustomerId_870,1000.0,,1000.0,1,airtime,ChannelId_3,1
CustomerId_872,1071.7209302325582,1846.5953959917551,92168.0,86,financial_services,ChannelId_3,0
CustomerId_873,2899.1923076923076,6496.085252781541,339205.5,117,financial_services,ChannelId_3,0
CustomerId_877,3800.0,6685.805860178712,19000.0,5,airtime,ChannelId_3,1
CustomerId_880,20800.0,44274.145954495834,104000.0,5,airtime,ChannelId_3,1
CustomerId_881,14666.666666666666,9237.604307034013,44000.0,3,financial_services,ChannelId_3,1
CustomerId_882,4000.0,6164.414002968976,40000.0,10,airtime,ChannelId_3,0
CustomerId_883,1576.923076923077,3510.9718137465984,20500.0,13,airtime,ChannelId_3,1
CustomerId_884,3840.0,6732.235884162112,19200.0,5,financial_services,ChannelId_3,1
CustomerId_885,8300.0,10680.58987135074,41500.0,5,airtime,ChannelId_3,1
CustomerId_887,1300.0,1441.1800720243116,7800.0,6,airtime,ChannelId_3,0
CustomerId_888,4000.0,6558.963332722634,20000.0,5,financial_services,ChannelId_3,1
CustomerId_889,2750.0,3702.8946206216256,22000.0,8,airtime,ChannelId_3,0
CustomerId_89,5000.0,,5000.0,1,financial_services,ChannelId_3,0
CustomerId_890,60000.0,,60000.0,1,financial_services,ChannelId_3,1
CustomerId_892,3333.3333333333335,7270.404932243312,40000.0,12,airtime,ChannelId_2,1
CustomerId_893,1617.0,3421.435761002487,6468.0,4,financial_services,ChannelId_2,0
CustomerId_894,1558.8333333333333,4178.701732197055,9353.0,6,financial_services,ChannelId_2,0
CustomerId_895,3166.6666666666665,7626.707459098367,19000.0,6,airtime,ChannelId_2,1
CustomerId_896,245.0,959.218431849597,980.0,4,financial_services,ChannelId_2,1
CustomerId_898,5571.428571428572,9431.456989902512,39000.0,7,financial_services,ChannelId_3,1
CustomerId_899,10000.0,,10000.0,1,financial_services,ChannelId_3,1
CustomerId_900,892.5652173913044,961.4305073968476,20529.0,23,airtime,ChannelId_3,0
CustomerId_903,1233.3333333333333,1817.1471623189493,18500.0,15,financial_services,ChannelId_1,1
CustomerId_905,5444.526627218935,11661.695198110438,920125.0,169,airtime,ChannelId_3,0
CustomerId_906,1532.9254901960783,4296.395989563493,78179.2,51,financial_services,ChannelId_3,1
CustomerId_907,1000.0,,1000.0,1,airtime,ChannelId_3,1
CustomerId_908,1184.6630036630036,1777.5842341631399,323413.0,273,financial_services,ChannelId_3,0
CustomerId_909,725662.9565217391,1297279.3266347803,83451240.0,115,financial_services,ChannelId_3,0
CustomerId_911,2857.1428571428573,5580.578567035604,20000.0,7,airtime,ChannelId_3,0
CustomerId_912,1420.8333333333333,1536.1070926208238,51150.0,36,airtime,ChannelId_3,0
CustomerId_913,1733.9285714285713,5155.191532839467,97100.0,56,financial_services,ChannelId_3,0
CustomerId_915,2000.0,0.0,4000.0,2,airtime,ChannelId_3,1
CustomerId_916,20146.666666666668,21233.81589587703,181320.0,9,financial_services,ChannelId_3,1
CustomerId_917,5000.0,,5000.0,1,financial_services,ChannelId_3,0
CustomerId_919,46800.0,45482.96384361952,234000.0,5,ticket,ChannelId_3,1
CustomerId_920,2004.107142857143,2538.2791828948716,56115.0,28,financial_services,ChannelId_3,0
CustomerId_921,4000.0,6000.0,60000.0,15,airtime,ChannelId_3,0
CustomerId_922,1281.0526315789473,2816.5190192798113,24340.0,19,financial_services,ChannelId_3,0
CustomerId_923,1686.55,3938.8630001829874,33731.0,20,financial_services,ChannelId_3,0
CustomerId_924,1400.0,565.685424949238,2800.0,2,airtime,ChannelId_3,0
CustomerId_925,2333.3333333333335,2309.401076758503,7000.0,3,airtime,ChannelId_3,0
CustomerId_926,1000.0,,1000.0,1,financial_services,ChannelId_3,0
CustomerId_927,4117.64705882353,7432.045083127999,70000.0,17,airtime,ChannelId_3,0
CustomerId_929,10000.0,0.0,40000.0,4,financial_services,ChannelId_3,1
CustomerId_930,3764.705882352941,6639.553936115606,64000.0,17,airtime,ChannelId_3,1
CustomerId_931,374.7,738.9593358230208,3747.0,10,financial_services,ChannelId_2,0
CustomerId_932,2764.7727272727275,2473.3419060014094,60825.0,22,financial_services,ChannelId_3,0
CustomerId_934,12500.0,3535.5339059327375,25000.0,2,financial_services,ChannelId_3,0
CustomerId_936,5000.0,,5000.0,1,airtime,ChannelId_3,0
CustomerId_938,118.75,855.2229241548662,475.0,4,financial_services,ChannelId_2,0
CustomerId_940,3826.923076923077,6861.262498762387,49750.0,13,financial_services,ChannelId_3,0
CustomerId_942,7000.0,4242.640687119285,14000.0,2,airtime,ChannelId_3,1
CustomerId_944,900.0,141.4213562373095,1800.0,2,financial_services,ChannelId_3,0
CustomerId_946,500.0,,500.0,1,financial_services,ChannelId_3,1
CustomerId_947,10000.0,,10000.0,1,financial_services,ChannelId_3,0
CustomerId_948,500.0,,500.0,1,airtime,ChannelId_3,0
CustomerId_949,1000.0,,1000.0,1,airtime,ChannelId_3,1
CustomerId_951,4285.714285714285,8174.000594218581,90000.0,21,airtime,ChannelId_3,0
CustomerId_954,4000.0,6745.368781616021,20000.0,5,financial_services,ChannelId_3,0
CustomerId_957,1000.0,,1000.0,1,airtime,ChannelId_3,0
CustomerId_958,10000.0,,10000.0,1,utility_bill,ChannelId_3,1
CustomerId_959,1359.3372093023256,3693.8845128532084,58451.5,43,airtime,ChannelId_3,0
CustomerId_960,2745.340909090909,6413.666675928478,120795.0,44,financial_services,ChannelId_3,0
CustomerId_961,15000.0,,15000.0,1,financial_services,ChannelId_3,1
CustomerId_962,970.5,1333.575915432722,9705.0,10,financial_services,ChannelId_3,0
CustomerId_963,740.0,1506.784656146989,2960.0,4,financial_services,ChannelId_2,1
CustomerId_966,750.0,353.5533905932738,1500.0,2,financial_services,ChannelId_3,1
CustomerId_967,100000.0,,100000.0,1,financial_services,ChannelId_3,1
CustomerId_968,3434.375,6854.520634223811,27475.0,8,financial_services,ChannelId_3,0
CustomerId_969,4114.4,10334.594199553481,596588.0,145,financial_services,ChannelId_3,0
CustomerId_972,4000.0,6745.368781616021,20000.0,5,financial_services,ChannelId_3,0
CustomerId_974,225.0,838.1527307120105,900.0,4,financial_services,ChannelId_3,1
CustomerId_975,2000.0,,2000.0,1,financial_services,ChannelId_3,1
CustomerId_977,8779.566666666668,12810.431109016981,526774.0,60,financial_services,ChannelId_3,0
CustomerId_978,20000.0,0.0,40000.0,2,financial_services,ChannelId_3,1
CustomerId_979,4705.882352941177,6302.427170169769,80000.0,17,financial_services,ChannelId_3,0
CustomerId_982,3333.3333333333335,7814.516406449389,20000.0,6,airtime,ChannelId_2,0
CustomerId_986,237.5,962.0940702446928,950.0,4,financial_services,ChannelId_2,0
CustomerId_987,3000.0,11460.075625114056,12000.0,4,financial_services,ChannelId_2,1
CustomerId_988,6019.136842105264,17169.241609853503,228727.2,38,financial_services,ChannelId_3,0
CustomerId_989,10000.0,,10000.0,1,airtime,ChannelId_3,0
CustomerId_990,961.1111111111111,1356.8754958031745,8650.0,9,airtime,ChannelId_3,0
CustomerId_991,2000.0,,2000.0,1,airtime,ChannelId_3,0
CustomerId_992,3333.3333333333335,6088.2400303098,20000.0,6,airtime,ChannelId_3,0
CustomerId_993,4000.0,6745.368781616021,20000.0,5,financial_services,ChannelId_3,0
CustomerId_994,5384.881188118812,14800.656784269493,543873.0,101,financial_services,ChannelId_3,0
CustomerId_996,8176.470588235294,4433.329647647001,139000.0,17,financial_services,ChannelId_3,1
CustomerId_998,4545.454545454545,6775.145563203599,100000.0,22,airtime,ChannelId_3,0
